SKU,Nombre Producto,Categoria,Subcategoria,Cantidad Bodega,Unidad,Costo Unitario CLP,Costo Total Bodega CLP,Precio Lista CLP,Estado,Codigo Proveedor,Observaciones
LT-EMT-001,EMT 20MM X 3 MTS,Canalización Metálica (EMT/Conduit),Tuberías y Conductos,0,TIRA,2251.0,=E2*G2,3127.0,Sin Stock,P07872,
LT-EMT-002,ABRAZADERAS CADDY EMT 20MM,Canalización Metálica (EMT/Conduit),Tuberías y Conductos,4,UN,207.0,=E3*G3,0.3,Disponible,P05565,
LT-EMT-003,TERMINAL 20MM EMT,Canalización Metálica (EMT/Conduit),Terminales y Boquillas,0,UN,311.0,=E4*G4,0.46,Sin Stock,P05561,
LT-EMT-004,COPLA 20MM EMT,Canalización Metálica (EMT/Conduit),Coplas y Uniones,23,UN,330.0,=E5*G5,0.48,Disponible,P05563,
LT-EMT-005,CURVA 20MM EMT,Canalización Metálica (EMT/Conduit),Curvas y Codos,8,UN,410.0,=E6*G6,569.0,Disponible,P05567,
LT-EMT-006,EMT 25MM X 3 MTS,Canalización Metálica (EMT/Conduit),Tuberías y Conductos,0,TIRA,2879.0,=E7*G7,3998.0,Sin Stock,P07873,
LT-EMT-007,ABRAZADERAS CADDY EMT 25MM,Canalización Metálica (EMT/Conduit),Tuberías y Conductos,22,UN,268.0,=E8*G8,372.0,Disponible,P05566,
LT-EMT-008,TERMINALES 25MM EMT,Canalización Metálica (EMT/Conduit),Terminales y Boquillas,6,UN,349.0,=E9*G9,485.0,Disponible,P05562,
LT-EMT-009,COPLA 25MM EMT,Canalización Metálica (EMT/Conduit),Coplas y Uniones,59,UN,377.0,=E10*G10,523.0,Disponible,P05564,
LT-EMT-010,CURVAS CORTAS 25MM EMT,Canalización Metálica (EMT/Conduit),Curvas y Codos,12,UN,622.0,=E11*G11,0.91,Disponible,P05568,
LT-EMT-011,CURVAS LARGAS 25MM EMT,Canalización Metálica (EMT/Conduit),Curvas y Codos,18,UN,622.0,=E12*G12,0.91,Disponible,P05568,
LT-EMT-012,EMT 32MM X 3 MTS,Canalización Metálica (EMT/Conduit),Tuberías y Conductos,0,TIRA,4859.0,=E13*G13,6748.0,Sin Stock,P07874,
LT-EMT-013,ABRAZADERAS CADDY EMT 32MM,Canalización Metálica (EMT/Conduit),Tuberías y Conductos,17,UN,307.0,=E14*G14,427.0,Disponible,P06921,
LT-EMT-014,TERMINALES 32MM EMT,Canalización Metálica (EMT/Conduit),Terminales y Boquillas,20,UN,919.0,=E15*G15,1277.0,Disponible,P06839,
LT-EMT-015,COPLA 32MM EMT,Canalización Metálica (EMT/Conduit),Coplas y Uniones,24,UN,499.0,=E16*G16,0.74,Disponible,P06840,
LT-EMT-016,CURVAS 32MM EMT,Canalización Metálica (EMT/Conduit),Curvas y Codos,11,UN,1125.0,=E17*G17,1563.0,Disponible,P06841,
LT-EMT-017,TK CONECTOR METALICO CURVO CONDUIT FLEX 20MM,Canalización Metálica (EMT/Conduit),Accesorios y Varios,0,UN,785.0,=E18*G18,1090.0,Sin Stock,P09836,
LT-EMT-018,TK CONECTOR METALICO CURVO CONDUIT FLEX 25MM,Canalización Metálica (EMT/Conduit),Accesorios y Varios,0,UN,1138.0,=E19*G19,1580.0,Sin Stock,P09837,
LT-EMT-019,TK CONECTOR METALICO CURVO CONDUIT FLEX 32MM,Canalización Metálica (EMT/Conduit),Accesorios y Varios,0,UN,1579.0,=E20*G20,2193.0,Sin Stock,P09838,
LT-EMT-020,TK CONECTOR EMT A FLEXIBLE 25MM,Canalización Metálica (EMT/Conduit),Tuberías y Conductos,15,UN,852.0,=E21*G21,1183.0,Disponible,P09840,SIN ROSCA
LT-EMT-021,TERMINAL FLEXIBLE  25MM,Canalización Metálica (EMT/Conduit),Terminales y Boquillas,25,UN,349.0,=E22*G22,485.0,Disponible,P05562,SIN ROSCA
LT-EMT-022,ABRAZADERA CADDY 40MM,Canalización Metálica (EMT/Conduit),Abrazaderas y Fijación de Tubos,17,UN,0.0,=E23*G23,0.0,Disponible,,
LT-EMT-023,TERMINALES 50MM EMT,Canalización Metálica (EMT/Conduit),Terminales y Boquillas,16,UN,734.0,=E24*G24,1020.0,Disponible,P04470,
LT-EMT-024,ABRAZADERAS CADDY EMT 50MM,Canalización Metálica (EMT/Conduit),Tuberías y Conductos,1,UN,0.0,=E25*G25,0.0,Disponible,,
LT-EMT-025,COPLA EMT 50MM,Canalización Metálica (EMT/Conduit),Tuberías y Conductos,3,UN,0.0,=E26*G26,0.0,Disponible,,
LT-EMT-026,FLEXIBLE 20mm 30M,Canalización Metálica (EMT/Conduit),Accesorios y Varios,0,UN,0.0,=E27*G27,0.0,Sin Stock,,
LT-EMT-027,TERMINAL FLEXIBLE 20mm,Canalización Metálica (EMT/Conduit),Terminales y Boquillas,3,UN,311.0,=E28*G28,0.46,Disponible,P05561,
LT-EMT-028,TK CONECTOR EMT A FLEXIBLE 20MM,Canalización Metálica (EMT/Conduit),Tuberías y Conductos,0,UN,959.0,=E29*G29,1332.0,Sin Stock,P09839,
LT-EMT-029,FLEXIBLE 25MM 30 MTS,Canalización Metálica (EMT/Conduit),Accesorios y Varios,8,ROLLOS,22429.0,=E30*G30,31151.0,Disponible,P05555,
LT-EMT-030,TERMINAL FLEXIBLE 25MM,Canalización Metálica (EMT/Conduit),Terminales y Boquillas,2,UN,349.0,=E31*G31,485.0,Disponible,P05562,
LT-EMT-031,TK CONDUIT FLEXIBLE METALICO PVC 32MM 30MTS,Canalización Metálica (EMT/Conduit),Tuberías y Conductos,20,ROLLOS,35763.0,=E32*G32,49671.0,Disponible,P05556,
LT-EMT-032,TK CONECTOR METALICO RECTO CONDUIT FLEX 32MM,Canalización Metálica (EMT/Conduit),Accesorios y Varios,0,UN,1479.0,=E33*G33,2.18,Sin Stock,P05558,
LT-EMT-033,tapa ciega metalica,Canalización Metálica (EMT/Conduit),Accesorios y Varios,0,UN,0.0,=E34*G34,0.0,Sin Stock,,
LT-EMT-034,CAJA CHUQUI METALICA E.G.,Canalización Metálica (EMT/Conduit),Cajas de Paso y Conexión,0,UN,0.0,=E35*G35,0.0,Sin Stock,,
LT-EMT-035,GOLILLAS,Canalización Metálica (EMT/Conduit),"Pernos, Tornillos y Tarugos",0,UN,0.0,=E36*G36,0.0,Sin Stock,,
LT-EMT-036,"TK CAJA PRE-GALVANIZADA A-01
100X65X65MM",Canalización Metálica (EMT/Conduit),Cajas de Paso y Conexión,65,UN,1166.0,=E37*G37,1619.0,Disponible,P05617,
LT-EMT-037,"TK CAJA PRE-GALVANIZADA A-011
100X100X65MM",Canalización Metálica (EMT/Conduit),Cajas de Paso y Conexión,4,UN,1413.0,=E38*G38,1962.0,Disponible,P05618,
LT-EMT-038,TK CAJA PRE-GALVANIZADA B-12 200X100X100MM,Canalización Metálica (EMT/Conduit),Cajas de Paso y Conexión,0,UN,3376.0,=E39*G39,4689.0,Sin Stock,P05619,
LT-EMT-039,TK CAJA PRE-GALVANIZADA B-15 150X150X100MM,Canalización Metálica (EMT/Conduit),Cajas de Paso y Conexión,0,UN,4817.0,=E40*G40,6690.0,Sin Stock,P05620,
LT-EMT-040,TK CAJA PRE-GALVANIZADA B-22 200X200X100MM,Canalización Metálica (EMT/Conduit),Cajas de Paso y Conexión,0,UN,7225.0,=E41*G41,10035.0,Sin Stock,P05621,
LT-EMT-041,TK CAJA PRE-GALVANIZADA B-23 300X200X150MM,Canalización Metálica (EMT/Conduit),Cajas de Paso y Conexión,0,UN,12243.0,=E42*G42,17004.0,Sin Stock,P05622,
LT-BPC-001,GY BANDEJA RANURADA BPCG 100X50X1.2 TIRA 3 MTS GALV,Bandejas Portacables (BPC/Escalerilla),Bandejas y Escalerillas,0,TIRA,22715.0,=E43*G43,31549.0,Sin Stock,P07015,
LT-BPC-002,GY BANDEJA RANURADA BPCG 200X100X1.2 TIRA 3 MTS GALV,Bandejas Portacables (BPC/Escalerilla),Bandejas y Escalerillas,0,TIRA,42360.0,=E44*G44,58833.0,Sin Stock,P07016,
LT-BPC-003,GY CURVA RANURADA BPCG HORIZONTAL CH90 100X50X1.2 R200 GALV,Bandejas Portacables (BPC/Escalerilla),Curvas y Codos,0,UN,7659.0,=E45*G45,10637.0,Sin Stock,P07020,
LT-BPC-004,GY CURVA RANURADA BPCG VERT INT CVI90 100X501.2 R200 GALV,Bandejas Portacables (BPC/Escalerilla),Curvas y Codos,0,UN,6750.0,=E46*G46,9375.0,Sin Stock,P07019,
LT-BPC-005,GY CURVA RANURADA BPCG CT 200X100X1.2 R200 GALV,Bandejas Portacables (BPC/Escalerilla),Curvas y Codos,0,UN,17885.0,=E47*G47,24840.0,Sin Stock,P07025,
LT-BPC-006,GY CURVA RANURADA BPCG HORIZONTAL CH90 200X100X1.2 R200 GALV,Bandejas Portacables (BPC/Escalerilla),Curvas y Codos,0,UN,13148.0,=E48*G48,18261.0,Sin Stock,P07024,
LT-BPC-007,GY CURVA RANURADA BPCG VERT EXT CVE90 100X50X1.2 R200 GALV,Bandejas Portacables (BPC/Escalerilla),Curvas y Codos,0,UN,6750.0,=E49*G49,9375.0,Sin Stock,P07018,
LT-BPC-008,GY CURVA RANURADA BPCG VERT EXT CVE90 200X100X1.2 R200 GALV,Bandejas Portacables (BPC/Escalerilla),Curvas y Codos,0,UN,12422.0,=E50*G50,17253.0,Sin Stock,P07022,
LT-BPC-009,GY CURVA RANURADA BPCG VERT INT CVI90 200X100X1.2 R200 GALV,Bandejas Portacables (BPC/Escalerilla),Curvas y Codos,0,UN,11748.0,=E51*G51,16316.0,Sin Stock,P07023,
LT-BPC-010,GY CURVA RANURADA BPCG CT 100X50X1.2 R200 GALV,Bandejas Portacables (BPC/Escalerilla),Curvas y Codos,0,UN,17322.0,=E52*G52,24058.0,Sin Stock,P07021,
LT-BPC-011,GY ESCALERILLA EPCG 300X100X2.0 TIRA 3 MTS GALV,Bandejas Portacables (BPC/Escalerilla),Bandejas y Escalerillas,0,TIRA,56852.0,=E53*G53,78961.0,Sin Stock,P07001,
LT-BPC-012,GY TAPA BPCG EPCG 200X15X1.2 TIRA 3MTS GALV,Bandejas Portacables (BPC/Escalerilla),Accesorios y Varios,0,TIRA,22923.0,=E54*G54,31838.0,Sin Stock,P07004,
LT-BPC-013,GY TAPA BPCG EPCG 300X15X1.2 TIRA 3 MTS GALV,Bandejas Portacables (BPC/Escalerilla),Accesorios y Varios,0,TIRA,33809.0,=E55*G55,46957.0,Sin Stock,P07005,
LT-BPC-014,GY ESCALERILLA EPCG 200X100X2.0 TIRA 3 MTS GALV,Bandejas Portacables (BPC/Escalerilla),Bandejas y Escalerillas,0,TIRA,54490.0,=E56*G56,75680.0,Sin Stock,P07000,
LT-BPC-015,GY TAPA BPCG EPCG 100X15X1.2 TIRA 3 MTS GALV,Bandejas Portacables (BPC/Escalerilla),Accesorios y Varios,0,TIRA,18928.0,=E57*G57,26289.0,Sin Stock,P07003,
LT-BPC-016,SOPORTE ESTRIBO 100*50 ZN.,Bandejas Portacables (BPC/Escalerilla),Accesorios y Varios,0,UN,0.0,=E58*G58,0.0,Sin Stock,,
LT-BPC-017,HILO 3/8*3000 ZN.,Bandejas Portacables (BPC/Escalerilla),Accesorios y Varios,0,MTS,0.0,=E59*G59,0.0,Sin Stock,,
LT-BPC-018,TUERCA HEX. 3/8 ZN.,Bandejas Portacables (BPC/Escalerilla),"Pernos, Tornillos y Tarugos",0,UN,0.0,=E60*G60,0.0,Sin Stock,,
LT-BPC-019,GOLILLA PLANA 3/8 ZN.,Bandejas Portacables (BPC/Escalerilla),"Pernos, Tornillos y Tarugos",0,UN,0.0,=E61*G61,0.0,Sin Stock,,
LT-BPC-020,PERNO COCHE 1/4*5/8 ZN.,Bandejas Portacables (BPC/Escalerilla),"Pernos, Tornillos y Tarugos",0,UN,0.0,=E62*G62,0.0,Sin Stock,,
LT-BPC-021,TUERCA HEX. 1/4 ZN.,Bandejas Portacables (BPC/Escalerilla),"Pernos, Tornillos y Tarugos",0,UN,145.0,=E63*G63,202.0,Sin Stock,P06600,
LT-BPC-022,RIEL 42*42*1.9*3000 ZN.,Bandejas Portacables (BPC/Escalerilla),Accesorios y Varios,0,UN,0.0,=E64*G64,0.0,Sin Stock,,
LT-BPC-023,TUERCA R/42 3/8 C/RESORTE ZN.,Bandejas Portacables (BPC/Escalerilla),"Pernos, Tornillos y Tarugos",0,MTS,0.0,=E65*G65,0.0,Sin Stock,,
LT-BPC-024,Cablofil Bandeja rejilla 200x65X3000mm,Bandejas Portacables (BPC/Escalerilla),Bandejas y Escalerillas,0,TIRA,0.0,=E66*G66,0.0,Sin Stock,,
LT-BPC-025,Varilla roscada M10X3000,Bandejas Portacables (BPC/Escalerilla),Accesorios y Varios,0,TIRA,0.0,=E67*G67,0.0,Sin Stock,,
LT-BPC-026,Unión rapida Altura 50 y 100mm - zincada,Bandejas Portacables (BPC/Escalerilla),Accesorios y Varios,146,UN,0.0,=E68*G68,0.0,Disponible,,
LT-BPC-027,Unión grapa con perno,Bandejas Portacables (BPC/Escalerilla),"Pernos, Tornillos y Tarugos",0,UN,0.0,=E69*G69,0.0,Sin Stock,,
LT-BPC-028,Soporte puente 3000mm,Bandejas Portacables (BPC/Escalerilla),Accesorios y Varios,0,TIRA,0.0,=E70*G70,0.0,Sin Stock,,
LT-BPC-029,CURVAS CABLO FIL,Bandejas Portacables (BPC/Escalerilla),Curvas y Codos,0,UN,0.0,=E71*G71,0.0,Sin Stock,,
LT-BPC-030,ACCESORIOS VARIOS,Bandejas Portacables (BPC/Escalerilla),Accesorios y Varios,0,UN,0.0,=E72*G72,0.0,Sin Stock,,
LT-BPC-031,PVC 16 MM X 3 MTS,Bandejas Portacables (BPC/Escalerilla),Tuberías y Conductos,0,TIRA,577.0,=E73*G73,802.0,Sin Stock,P04431,
LT-BPC-032,SALIDA DE CAJA CONDUIT PVC 16MM,Bandejas Portacables (BPC/Escalerilla),Tuberías y Conductos,0,UN,45.0,=E74*G74,62.0,Sin Stock,P04460,
LT-BPC-033,CURVA 90° CONDUIT PVC 16MM,Bandejas Portacables (BPC/Escalerilla),Tuberías y Conductos,3,UN,135.0,=E75*G75,188.0,Disponible,P04442,
LT-BPC-034,ABRAZADERAS OMEGA 16MM,Bandejas Portacables (BPC/Escalerilla),Abrazaderas y Fijación de Tubos,0,UN,29.0,=E76*G76,40.0,Sin Stock,P04660,
LT-PVC-001,PVC 20 MM X 3 MTS,Canalización PVC y Accesorios,Tuberías y Conductos,0,TIRA,577.0,=E77*G77,802.0,Sin Stock,P04431,
LT-PVC-002,SALIDA DE CAJA CONDUIT PVC 20MM,Canalización PVC y Accesorios,Tuberías y Conductos,14,UN,60.0,=E78*G78,84.0,Disponible,P04461,
LT-PVC-003,CURVA 90° CONDUIT PVC 20MM,Canalización PVC y Accesorios,Tuberías y Conductos,1,UN,167.0,=E79*G79,232.0,Disponible,P04443,
LT-PVC-004,ABRAZADERAS OMEGA 20MM,Canalización PVC y Accesorios,Abrazaderas y Fijación de Tubos,40,UN,57.0,=E80*G80,0.09,Disponible,P04661,
LT-PVC-005,PVC 20 MM X 3 MTS LZSH,Canalización PVC y Accesorios,Tuberías y Conductos,0,UN,577.0,=E81*G81,802.0,Sin Stock,P04431,
LT-PVC-006,SALIDA DE CAJA CONDUIT PVC 20MM LZSH,Canalización PVC y Accesorios,Tuberías y Conductos,7,UN,60.0,=E82*G82,84.0,Disponible,P04461,
LT-PVC-007,CURVA 90° CONDUIT PVC 20MM LZSH,Canalización PVC y Accesorios,Tuberías y Conductos,3,UN,167.0,=E83*G83,232.0,Disponible,P04443,
LT-PVC-008,ABRAZADERAS CADDY  20MM LZSH,Canalización PVC y Accesorios,Abrazaderas y Fijación de Tubos,0,UN,207.0,=E84*G84,0.3,Sin Stock,P05565,
LT-PVC-009,COPLA 20 MM LZSH,Canalización PVC y Accesorios,Coplas y Uniones,2,UN,0.0,=E85*G85,0.0,Disponible,,
LT-PVC-010,PVC 25 MM X 3 MTS,Canalización PVC y Accesorios,Tuberías y Conductos,0,TIRA,577.0,=E86*G86,802.0,Sin Stock,P04431,
LT-PVC-011,TERMINAL PVC 25MM,Canalización PVC y Accesorios,Tuberías y Conductos,24,UN,349.0,=E87*G87,485.0,Disponible,P05562,
LT-PVC-012,CODO PVC 25 MM,Canalización PVC y Accesorios,Tuberías y Conductos,23,UN,0.0,=E88*G88,0.0,Disponible,,
LT-PVC-013,ABRAZADERAS OMEGA 25MM,Canalización PVC y Accesorios,Abrazaderas y Fijación de Tubos,51,UN,75.0,=E89*G89,0.11,Disponible,P04662,
LT-PVC-014,PVC 25 MM X 3 MTS LZSH,Canalización PVC y Accesorios,Tuberías y Conductos,0,UN,577.0,=E90*G90,802.0,Sin Stock,P04431,
LT-PVC-015,TERMINAL PVC 25MM LZSH,Canalización PVC y Accesorios,Tuberías y Conductos,1,UN,349.0,=E91*G91,485.0,Disponible,P05562,
LT-PVC-016,COPLA 25MM LZSH,Canalización PVC y Accesorios,Coplas y Uniones,17,UN,377.0,=E92*G92,523.0,Disponible,P05564,
LT-PVC-017,ABRAZADERAS  CADDY  25MM LZSH,Canalización PVC y Accesorios,Abrazaderas y Fijación de Tubos,0,UN,268.0,=E93*G93,372.0,Sin Stock,P05566,
LT-PVC-018,CODO PVC 25 MM LZSH,Canalización PVC y Accesorios,Tuberías y Conductos,1,UN,0.0,=E94*G94,0.0,Disponible,,
LT-PVC-019,PVC 32 MM X 3 MTS,Canalización PVC y Accesorios,Tuberías y Conductos,0,TIRA,577.0,=E95*G95,802.0,Sin Stock,P04431,
LT-PVC-020,TERMINAL PVC 32MM,Canalización PVC y Accesorios,Tuberías y Conductos,10,UN,919.0,=E96*G96,1277.0,Disponible,P06839,
LT-PVC-021,CODO PVC 32 MM,Canalización PVC y Accesorios,Tuberías y Conductos,1,UN,0.0,=E97*G97,0.0,Disponible,,
LT-PVC-022,ABRAZADERAS OMEGA 32MM,Canalización PVC y Accesorios,Abrazaderas y Fijación de Tubos,80,UN,104.0,=E98*G98,0.15,Disponible,P04663,
LT-PVC-023,TUBO CONDUIT PVC 40MM 3 MTS,Canalización PVC y Accesorios,Tuberías y Conductos,0,TIRA,1963.0,=E99*G99,2727.0,Sin Stock,P04434,
LT-PVC-024,CURVA 90° CONDUIT PVC 40MM,Canalización PVC y Accesorios,Tuberías y Conductos,0,UN,414.0,=E100*G100,575.0,Sin Stock,P04446,
LT-PVC-025,TUBO CONDUIT PVC 50MM 3 MTS,Canalización PVC y Accesorios,Tuberías y Conductos,0,TIRA,2871.0,=E101*G101,3987.0,Sin Stock,P04435,
LT-PVC-026,CURVA 90° CONDUIT PVC 50MM,Canalización PVC y Accesorios,Tuberías y Conductos,1,UN,861.0,=E102*G102,1196.0,Disponible,P04447,
LT-PVC-027,TERMINAL COMPLETO CONDUIT PVC 50MM,Canalización PVC y Accesorios,Tuberías y Conductos,26,UN,734.0,=E103*G103,1020.0,Disponible,P04470,
LT-PVC-028,SALIDA DE CAJA CONDUIT PVC 50MM,Canalización PVC y Accesorios,Tuberías y Conductos,0,UN,364.0,=E104*G104,506.0,Sin Stock,P04465,
LT-PVC-029,ABRAZADERA METALICA OMEGA 40MM TSP-40,Canalización PVC y Accesorios,Abrazaderas y Fijación de Tubos,0,UN,51.0,=E105*G105,51.0,Sin Stock,P04664,
LT-PVC-030,ABRAZADERA METALICA OMEGA 50MM TSP-50,Canalización PVC y Accesorios,Abrazaderas y Fijación de Tubos,23,UN,77.0,=E106*G106,77.0,Disponible,P04665,
LT-PVC-031,CAJAS DE PASO PLASTICA,Canalización PVC y Accesorios,Cajas de Paso y Conexión,0,UN,0.0,=E107*G107,0.0,Sin Stock,,
LT-PVC-032,LX CAJA ESTANCA 85X85X50 IP55 7 SALIDAS,Canalización PVC y Accesorios,Cajas de Paso y Conexión,0,UN,986.0,=E108*G108,1369.0,Sin Stock,P09241,
LT-PVC-033,LX CAJA ESTANCA 100X100X70 IP55 7 SALIDAS,Canalización PVC y Accesorios,Cajas de Paso y Conexión,38,UN,1660.0,=E109*G109,2306.0,Disponible,P09238,
LT-PVC-034,LX CAJA ESTANCA 200X100X70 IP65 CON 8 SALIDAS,Canalización PVC y Accesorios,Cajas de Paso y Conexión,11,UN,2783.0,=E110*G110,3865.0,Disponible,P11977,
LT-PVC-035,CAJA ESTANCA 200X155X80,Canalización PVC y Accesorios,Cajas de Paso y Conexión,1,UN,0.0,=E111*G111,0.0,Disponible,,
LT-PVC-036,LX CAJA ESTANCA 255X200X80 IP55 12 SALIDAS,Canalización PVC y Accesorios,Cajas de Paso y Conexión,1,UN,7131.0,=E112*G112,9904.0,Disponible,P09240,
LT-PVC-037,Prensa Estopa 25mm,Canalización PVC y Accesorios,Accesorios y Varios,20,UN,0.0,=E113*G113,0.0,Disponible,,
LT-PVC-038,Prensa Estopa 32mm,Canalización PVC y Accesorios,Accesorios y Varios,3,UN,0.0,=E114*G114,0.0,Disponible,,
LT-PVC-039,Pegamento,Canalización PVC y Accesorios,Accesorios y Varios,1,UN,0.0,=E115*G115,0.0,Disponible,,
LT-PVC-040,ACCESORIO 10X20 MM ZOLADA EXTERIOR,Canalización PVC y Accesorios,Accesorios y Varios,2,UN,0.0,=E116*G116,0.0,Disponible,,
LT-PVC-041,ACCESORIO 10X20 MM ZOLADA INTERIOR,Canalización PVC y Accesorios,Accesorios y Varios,3,UN,0.0,=E117*G117,0.0,Disponible,,
LT-DLP-001,ACCESORIO 10X20 MM ZOLADA PLANO,Canaletas y Accesorios (DLP/Zoloda),Accesorios y Varios,5,UN,0.0,=E118*G118,0.0,Disponible,,
LT-DLP-002,BANDEJA DLP 16X40 MM ZOLODA CON PEGAMENTO,Canaletas y Accesorios (DLP/Zoloda),Bandejas y Escalerillas,3,TIRAS,0.0,=E119*G119,0.0,Disponible,,
LT-DLP-003,BANDEJA DLP 16X40 MM ZOLODA,Canaletas y Accesorios (DLP/Zoloda),Bandejas y Escalerillas,13,MTS,0.0,=E120*G120,0.0,Disponible,,
LT-DLP-004,ACCESORIO 16X40MM ZOLODA INTERIOR,Canaletas y Accesorios (DLP/Zoloda),Accesorios y Varios,4,UN,0.0,=E121*G121,0.0,Disponible,,
LT-DLP-005,ACCESORIO 16X40MM ZOLODA EXTERIOR,Canaletas y Accesorios (DLP/Zoloda),Accesorios y Varios,48,UN,0.0,=E122*G122,0.0,Disponible,,
LT-DLP-006,ACCESORIO 16X40MM ZOLODA PLANO,Canaletas y Accesorios (DLP/Zoloda),Accesorios y Varios,0,UN,0.0,=E123*G123,0.0,Sin Stock,,
LT-DLP-007,ACCESORIO 16X40MM ZOLODA FINAL,Canaletas y Accesorios (DLP/Zoloda),Accesorios y Varios,59,UN,0.0,=E124*G124,0.0,Disponible,,
LT-DLP-008,ACCESORIO 16X40MM ZOLODA T,Canaletas y Accesorios (DLP/Zoloda),Accesorios y Varios,30,UN,0.0,=E125*G125,0.0,Disponible,,
LT-DLP-009,BANDEJA DLP 16X40 MM CAFE,Canaletas y Accesorios (DLP/Zoloda),Bandejas y Escalerillas,5,UN,0.0,=E126*G126,0.0,Disponible,,
LT-DLP-010,ACCESORIO 16X40MM  CAFE INTERIOR,Canaletas y Accesorios (DLP/Zoloda),Accesorios y Varios,0,UN,0.0,=E127*G127,0.0,Sin Stock,,
LT-DLP-011,ACCESORIO 16X40MM CAFE EXTERIOR,Canaletas y Accesorios (DLP/Zoloda),Accesorios y Varios,0,UN,0.0,=E128*G128,0.0,Sin Stock,,
LT-DLP-012,ACCESORIO 16X40MM CAFE  PLANO,Canaletas y Accesorios (DLP/Zoloda),Accesorios y Varios,0,UN,0.0,=E129*G129,0.0,Sin Stock,,
LT-DLP-013,ACCESORIO 16X40MM CAFE FINAL,Canaletas y Accesorios (DLP/Zoloda),Accesorios y Varios,0,UN,0.0,=E130*G130,0.0,Sin Stock,,
LT-DLP-014,ACCESORIO 16X40MM CAFE T,Canaletas y Accesorios (DLP/Zoloda),Accesorios y Varios,0,UN,0.0,=E131*G131,0.0,Sin Stock,,
LT-DLP-015,BANDEJA DLP 100X50 MM ZOLODA,Canaletas y Accesorios (DLP/Zoloda),Bandejas y Escalerillas,10,TIRAS,0.0,=E132*G132,0.0,Disponible,,
LT-DLP-016,TAPAS ZOLODAS,Canaletas y Accesorios (DLP/Zoloda),Accesorios y Varios,20,TIRAS,0.0,=E133*G133,0.0,Disponible,,
LT-DLP-017,ACCESORIO 100X50 MM ZOLODA INTERIOR,Canaletas y Accesorios (DLP/Zoloda),Accesorios y Varios,12,UN,0.0,=E134*G134,0.0,Disponible,,
LT-DLP-018,ACCESORIO 100X50 MM ZOLODA EXTERIOR,Canaletas y Accesorios (DLP/Zoloda),Accesorios y Varios,10,UN,0.0,=E135*G135,0.0,Disponible,,
LT-DLP-019,ACCESORIO 100X50 MM ZOLODA PLANO,Canaletas y Accesorios (DLP/Zoloda),Accesorios y Varios,24,UN,0.0,=E136*G136,0.0,Disponible,,
LT-DLP-020,ACCESORIO 100X50 MM ZOLODA FINAL,Canaletas y Accesorios (DLP/Zoloda),Accesorios y Varios,11,UN,0.0,=E137*G137,0.0,Disponible,,
LT-DLP-021,ACCESORIO 100X50 MM ZOLODA T,Canaletas y Accesorios (DLP/Zoloda),Accesorios y Varios,5,UN,0.0,=E138*G138,0.0,Disponible,,
LT-DLP-022,UNION BANDEJA 100X50,Canaletas y Accesorios (DLP/Zoloda),Bandejas y Escalerillas,0,UN,0.0,=E139*G139,0.0,Sin Stock,,
LT-DLP-023,SOPORTE UNIVERSAL BAJO PERFIL 100x50MM BTKS-100-50-BL,Canaletas y Accesorios (DLP/Zoloda),Accesorios y Varios,22,UN,1687.0,=E140*G140,2.49,Disponible,P01829,
LT-DLP-024,SEPARADOR 100X50 2 MTS,Canaletas y Accesorios (DLP/Zoloda),Accesorios y Varios,10,TIRA,0.0,=E141*G141,0.0,Disponible,,
LT-DLP-025,LG BANDEJA 105X50MM BLANCO X MTS 10422,Canaletas y Accesorios (DLP/Zoloda),Bandejas y Escalerillas,0,MTS,29123.0,=E142*G142,20224.0,Sin Stock,P01576,
LT-DLP-026,LG TAPA COMPLETA FLEXIBLE 85MM 105X50MM 10522 MTS,Canaletas y Accesorios (DLP/Zoloda),Accesorios y Varios,0,MTS,13008.0,=E143*G143,9033.0,Sin Stock,P02749,
LT-DLP-027,LG ANGULO EXTERIOR 80X50 - 105X50 - 150X50MM 10622,Canaletas y Accesorios (DLP/Zoloda),Accesorios y Varios,0,UN,16566.0,=E144*G144,23008.0,Sin Stock,P01721,
LT-DLP-028,LG ANGULO INTERIOR 80X50 - 105X50 - 150X50MM 10602,Canaletas y Accesorios (DLP/Zoloda),Accesorios y Varios,0,UN,12174.0,=E145*G145,16909.0,Sin Stock,P02751,
LT-DLP-029,LG ANGULO PLANO 105X50MM 10785,Canaletas y Accesorios (DLP/Zoloda),Accesorios y Varios,0,UN,19526.0,=E146*G146,27120.0,Sin Stock,P01722,
LT-DLP-030,LG DERIVACION T 105X50MM 10736,Canaletas y Accesorios (DLP/Zoloda),Accesorios y Varios,0,UN,24363.0,=E147*G147,33837.0,Sin Stock,P03650,
LT-DLP-031,LG JUNTA BANDEJA UNIVERSAL 80X50 - 105X50 - 150X50MM 10691,Canaletas y Accesorios (DLP/Zoloda),Bandejas y Escalerillas,0,UN,1439.0,=E148*G148,1998.0,Sin Stock,P02531,
LT-DLP-032,LG JUNTA TAPA COMPLETA 105X50MM 10802,Canaletas y Accesorios (DLP/Zoloda),Accesorios y Varios,0,UN,2717.0,=E149*G149,3774.0,Sin Stock,P01724,
LT-DLP-033,LG SOPORTE MOSAIC 2 MODULOS 85MM - 105X50 10992,Canaletas y Accesorios (DLP/Zoloda),Módulos y Conectores,0,UN,3085.0,=E150*G150,4285.0,Sin Stock,P03659,
LT-DLP-034,LG SOPORTE MOSAIC 3 MODULOS 85MM - 105X50 10993,Canaletas y Accesorios (DLP/Zoloda),Módulos y Conectores,0,UN,4781.0,=E151*G151,6640.0,Sin Stock,P03660,
LT-DLP-035,LG SOPORTE UNIVERSAL 3 MODULOS 85MM - 105X50 10916,Canaletas y Accesorios (DLP/Zoloda),Módulos y Conectores,0,UN,7415.0,=E152*G152,10298.0,Sin Stock,P01718,
LT-DLP-036,LG TABIQUE SEPARADOR 80X50 - 105X50 - 150X50MM 10582 MTS,Canaletas y Accesorios (DLP/Zoloda),Accesorios y Varios,0,MTS,16677.0,=E153*G153,11581.0,Sin Stock,P00834,
LT-DLP-037,LG TAPA EXTREMO 105X50MM 10702,Canaletas y Accesorios (DLP/Zoloda),Accesorios y Varios,0,UN,3683.0,=E154*G154,5115.0,Sin Stock,P01717,
LT-DLP-038,ZL BANDEJA PISO 48X13MM TPP-4813-GR MTS,Canaletas y Accesorios (DLP/Zoloda),Bandejas y Escalerillas,5,MTS,4467.0,=E155*G155,3.29,Disponible,P01960,
LT-DLP-039,BT TAPA CIEGA BLANCO (SIN TORNILLOS) 503ECH,Canaletas y Accesorios (DLP/Zoloda),"Pernos, Tornillos y Tarugos",6,UN,274.0,=E156*G156,381.0,Disponible,P04118,
LT-DLP-040,CAJA CHUQUI PLASTICA,Canaletas y Accesorios (DLP/Zoloda),Cajas de Paso y Conexión,24,UN,624.0,=E157*G157,867.0,Disponible,P00048,
LT-RAC-001,TX GABINETE 2100X800 42U ARMABLE P/MICRO + KIT INST,"Racks, Gabinetes y Accesorios",Gabinete y Racks,],UN,447795.0,=E158*G158,660.02,Sin Stock,P03353,
LT-RAC-002,TX GABINETE 2100X800 42U ARMABLE P/VIDRIO + KIT INST,"Racks, Gabinetes y Accesorios",Gabinete y Racks,0,UN,404110.0,=E159*G159,595.63,Sin Stock,P03352,
LT-RAC-003,TX GABINETE 2100X1000 42U ARMABLE P/MICRO + KIT INST,"Racks, Gabinetes y Accesorios",Gabinete y Racks,0,UN,535176.0,=E160*G160,788.8,Sin Stock,P03354,
LT-RAC-004,TX GABINETE 2100X600 42U ARMABLE P/VIDRIO + KIT INST,"Racks, Gabinetes y Accesorios",Gabinete y Racks,0,UN,360424.0,=E161*G161,531.24,Sin Stock,P03351,
LT-RAC-005,TX GABINETE 2200X1200 45U ARMABLE P/MICRO + KIT INST,"Racks, Gabinetes y Accesorios",Gabinete y Racks,0,UN,688084.0,=E162*G162,0.0,Sin Stock,P06335,
LT-RAC-006,TX GABINETE 2200X800X1200 45U ARM P/MICRO 4 ORD VERT,"Racks, Gabinetes y Accesorios",Gabinete y Racks,0,UN,720848.0,=E163*G163,0.0,Sin Stock,P08518,
LT-RAC-007,TX GABINETE 1500X800 32U ARMABLE P/VIDRIO + KIT INST,"Racks, Gabinetes y Accesorios",Gabinete y Racks,0,UN,273044.0,=E164*G164,402.45,Sin Stock,P03255,
LT-RAC-008,RACK 18 U 600 FONDO,"Racks, Gabinetes y Accesorios",Gabinete y Racks,0,UN,0.0,=E165*G165,0.0,Sin Stock,,
LT-RAC-009,RACK 15 U 600 FONDO,"Racks, Gabinetes y Accesorios",Gabinete y Racks,0,UN,0.0,=E166*G166,0.0,Sin Stock,,
LT-RAC-010,RACK 12 U 600 FONDO,"Racks, Gabinetes y Accesorios",Gabinete y Racks,2,UN,0.0,=E167*G167,0.0,Disponible,,
LT-RAC-011,RACK 09 U 600 FONDO,"Racks, Gabinetes y Accesorios",Gabinete y Racks,1,UN,0.0,=E168*G168,0.0,Disponible,,
LT-RAC-012,TX GABINETE MURAL ARMABLE 6UX450,"Racks, Gabinetes y Accesorios",Gabinete y Racks,1,UN,60072.0,=E169*G169,88.54,Disponible,P07440,
LT-RAC-013,TX GABINETE EXTERIOR IP65 42UX600X800MM,"Racks, Gabinetes y Accesorios",Gabinete y Racks,0,UN,928364.0,=E170*G170,0.0,Sin Stock,P06635,
LT-RAC-014,TX GABINETE MURAL EXTERIOR IP65 12UX600X600MM,"Racks, Gabinetes y Accesorios",Gabinete y Racks,0,UN,294896.0,=E171*G171,434.65,Sin Stock,P06634,
LT-RAC-015,TX ORDENADOR VERTICAL 42U,"Racks, Gabinetes y Accesorios",Accesorios y Varios,0,UN,49151.0,=E172*G172,72.44,Sin Stock,P03851,
LT-RAC-016,TX BANDEJA VENTILADA GABINETE MURAL 300MM,"Racks, Gabinetes y Accesorios",Bandejas y Escalerillas,17,UN,8189.0,=E173*G173,12.07,Disponible,P03902,
LT-RAC-017,TX BANDEJA 4 VERTICE,"Racks, Gabinetes y Accesorios",Bandejas y Escalerillas,6,UN,0.0,=E174*G174,0.0,Disponible,,
LT-RAC-018,PERNOS DE ANCLAJE 5/16 18*3 3 3/16,"Racks, Gabinetes y Accesorios","Pernos, Tornillos y Tarugos",26,UN,0.0,=E175*G175,0.0,Disponible,,
LT-RAC-019,RUEDAS,"Racks, Gabinetes y Accesorios",Accesorios y Varios,0,UN,0.0,=E176*G176,0.0,Sin Stock,,
LT-RAC-020,TX KIT TURBINA + CABLE ENCHUFE ITALIANO GABINETE MURAL,"Racks, Gabinetes y Accesorios",Cables de Red y Conductores,2,UN,7642.0,=E177*G177,11.27,Disponible,P07233,
LT-RED-001,CABLE PIN 4X24 AMG BLANCO X 100,Cableado Estructurado y Redes,Cables de Red y Conductores,166,MTS,6389.0,=E178*G178,9.41,Disponible,P02180,
LT-RED-002,ROSETAS TELEFONICAS,Cableado Estructurado y Redes,Accesorios y Varios,0,UN,0.0,=E179*G179,0.0,Sin Stock,,
LT-RED-003,Caja de Distribucion de 30 pares,Cableado Estructurado y Redes,Cajas de Paso y Conexión,2,UN,0.0,=E180*G180,0.0,Disponible,,
LT-RED-004,MODULO RJ12 CAT 3 BLANCO LV,Cableado Estructurado y Redes,Módulos y Conectores,6,UN,1941.0,=E181*G181,2.86,Disponible,P01185,
LT-RED-005,PUNTO CONSOLIDACION MAS TERMINALES,Cableado Estructurado y Redes,Terminales y Boquillas,1,UN,0.0,=E182*G182,0.0,Disponible,,
LT-RED-006,MODULO CAT 5E NEGRO  LV,Cableado Estructurado y Redes,Módulos y Conectores,],UN,0.0,=E183*G183,0.0,Disponible,,
LT-RED-007,MODULO CAT 6 BLANCO TX,Cableado Estructurado y Redes,Módulos y Conectores,14,UN,1602.0,=E184*G184,2.36,Disponible,P01022,
LT-RED-008,MODULO CAT 6 BLANCO LV,Cableado Estructurado y Redes,Módulos y Conectores,122,UN,4391.0,=E185*G185,6.47,Disponible,P01216,
LT-RED-009,MODULOS CAT 6 NEGRO TX,Cableado Estructurado y Redes,Módulos y Conectores,15,UN,38550.0,=E186*G186,56.82,Disponible,P01130,
LT-RED-010,MODULOS CAT 6 NEGRO LV,Cableado Estructurado y Redes,Módulos y Conectores,21,UN,4391.0,=E187*G187,6.47,Disponible,P01925,
LT-RED-011,MODULOS CAT 6A F/UTP TX,Cableado Estructurado y Redes,Módulos y Conectores,1,UN,0.0,=E188*G188,0.0,Disponible,,
LT-RED-012,"PATCH CORDS 0,5 MT TX",Cableado Estructurado y Redes,Patch Cords y Jumpers,26,UN,0.0,=E189*G189,0.0,Disponible,,
LT-RED-013,LV CORD CAT 6 UTP 0.6 MTS BLANCO LSZH HIGH FLEX 6H460-02W,Cableado Estructurado y Redes,Patch Cords y Jumpers,0,UN,3901.0,=E190*G190,5.75,Sin Stock,P04703,
LT-RED-014,PATCH CORDS 1 MT TX,Cableado Estructurado y Redes,Patch Cords y Jumpers,1,UN,0.0,=E191*G191,0.0,Disponible,,
LT-RED-015,PATCH CORDS 0.3 MT LV,Cableado Estructurado y Redes,Patch Cords y Jumpers,4,UN,0.0,=E192*G192,0.0,Disponible,,
LT-RED-016,PATCH CORDS 0.6 MT LV,Cableado Estructurado y Redes,Patch Cords y Jumpers,3,UN,0.0,=E193*G193,0.0,Disponible,,
LT-RED-017,"PATCH CORDS 0,9 MT LV",Cableado Estructurado y Redes,Patch Cords y Jumpers,0,UN,0.0,=E194*G194,0.0,Sin Stock,,
LT-RED-018,USER CORDS 2 MTS TX,Cableado Estructurado y Redes,Patch Cords y Jumpers,27,UN,8660.0,=E195*G195,12.76,Disponible,P05168,
LT-RED-019,"USER CORDS 2,1 MTS LV",Cableado Estructurado y Redes,Patch Cords y Jumpers,9,UN,0.0,=E196*G196,0.0,Disponible,,
LT-RED-020,"USER CORDS 6,1 MTS LV",Cableado Estructurado y Redes,Patch Cords y Jumpers,0,UN,0.0,=E197*G197,0.0,Sin Stock,,
LT-RED-021,LV CORD CAT 6A U/FTP 2.1 MTS BLANCO LSZH HIGH FLEX H6A10-07W,Cableado Estructurado y Redes,Patch Cords y Jumpers,0,UN,9442.0,=E198*G198,13.92,Sin Stock,P07754,
LT-RED-022,PACTH PANEL CAT 6 HD  LEV,Cableado Estructurado y Redes,Accesorios y Varios,1,UN,38550.0,=E199*G199,56.82,Disponible,P01130,
LT-RED-023,PACTH PANEL CAT 5E HD  TX,Cableado Estructurado y Redes,Accesorios y Varios,2,UN,0.0,=E200*G200,0.0,Disponible,,
LT-RED-024,PACTH PANEL CAT 5E HD  DINTEK,Cableado Estructurado y Redes,Accesorios y Varios,1,UN,0.0,=E201*G201,0.0,Disponible,,
LT-RED-025,PATCH PANEL PLACA VACIA 1U TX,Cableado Estructurado y Redes,Patch Cords y Jumpers,0,UN,17631.0,=E202*G202,25.99,Sin Stock,P04498,
LT-RED-026,PATCH PANEL PLACA VACIA 1U LV,Cableado Estructurado y Redes,Patch Cords y Jumpers,3,UN,17631.0,=E203*G203,25.99,Disponible,P04498,
LT-RED-027,FALSOS POLO NEGRO X 10 UN,Cableado Estructurado y Redes,Accesorios y Varios,70,UN,1838.0,=E204*G204,2.71,Disponible,P04564,
LT-RED-028,TX ORDENADOR 19X1U HORIZONTAL TAPA,Cableado Estructurado y Redes,Accesorios y Varios,0,UN,4636.0,=E205*G205,6.84,Sin Stock,P01301,
LT-RED-029,TX ORDENADOR 19X2U HORIZONTAL TAPA,Cableado Estructurado y Redes,Accesorios y Varios,0,UN,7642.0,=E206*G206,11.27,Sin Stock,P01335,
LT-RED-030,FACE PLATE  TX 3P,Cableado Estructurado y Redes,Placas y Faceplates,34,UN,2686.0,=E207*G207,3.96,Disponible,P05169,
LT-RED-031,FACE PLATE  LV Simple,Cableado Estructurado y Redes,Placas y Faceplates,6,UN,1602.0,=E208*G208,2.36,Disponible,P01186,
LT-RED-032,FACE PLATE  LV Doble,Cableado Estructurado y Redes,Placas y Faceplates,7,UN,2686.0,=E209*G209,3.96,Disponible,P05169,
LT-RED-033,TX CAJA INDUSTRIAL IP 67 DOBLE,Cableado Estructurado y Redes,Cajas de Paso y Conexión,0,UN,3901.0,=E210*G210,5.75,Sin Stock,P05171,
LT-RED-034,TX CAPUCHON INDUSTRIAL,Cableado Estructurado y Redes,Accesorios y Varios,0,UN,4749.0,=E211*G211,7.0,Sin Stock,P05172,
LT-RED-035,"TX CONECTOR RJ45 MPTL MACHO UTP
UNIFILAR/MULT S/HERRAM X 25 U",Cableado Estructurado y Redes,Módulos y Conectores,44,UN,0.0,=E212*G212,0.0,Disponible,,
LT-RED-036,TX PLUG RJ-45 CAT 6,Cableado Estructurado y Redes,Accesorios y Varios,43,UN,38550.0,=E213*G213,56.82,Disponible,P01130,
LT-RED-037,TX CAPUCHON GRIS X 50 UNID,Cableado Estructurado y Redes,Accesorios y Varios,0,UN,3279.0,=E214*G214,4.83,Sin Stock,P03025,
LT-RED-038,TX CORD CAT 6 UTP 2 MTS INDUSTRIAL,Cableado Estructurado y Redes,Patch Cords y Jumpers,0,UN,8660.0,=E215*G215,12.76,Sin Stock,P05168,
LT-RED-039,TX FACE PLATE DOBLE INDUSTRIAL,Cableado Estructurado y Redes,Placas y Faceplates,0,UN,2686.0,=E216*G216,3.96,Sin Stock,P05169,
LT-RED-040,TX FACE PLATE SIMPLE INDUSTRIAL,Cableado Estructurado y Redes,Placas y Faceplates,0,UN,2601.0,=E217*G217,3.84,Sin Stock,P05170,
LT-RED-041,TX MODULO RJ45 CAT 6 INDUSTRIAL,Cableado Estructurado y Redes,Módulos y Conectores,0,UN,10723.0,=E218*G218,15.81,Sin Stock,P05167,
LT-RED-042,TX ADAPTADOR KEYSTONE MOSAIC 1P BLANCO,Cableado Estructurado y Redes,Módulos y Conectores,0,UN,669.0,=E219*G219,0.98,Sin Stock,P01917,
LT-RED-043,CABLE UTP CAT 3,Cableado Estructurado y Redes,Cables de Red y Conductores,38,MTS,0.0,=E220*G220,0.0,Disponible,,
LT-RED-044,CABLE UTP CAT 5E TX GRIS,Cableado Estructurado y Redes,Cables de Red y Conductores,183,UN,1404.0,=E221*G221,2.07,Disponible,P01928,
LT-RED-045,CABLE UTP CAT 6 EXT UTP  TX,Cableado Estructurado y Redes,Cables de Red y Conductores,89,CAJAS,114528.0,=E222*G222,168.81,Disponible,P01697,
LT-RED-046,CABLE UTP CAT 6 EXT F/UTP TX,Cableado Estructurado y Redes,Cables de Red y Conductores,57,MTS,162303.0,=E223*G223,239.22,Disponible,P06385,
LT-RED-047,CABLE UTP CAT 6A INT U/FTP TX,Cableado Estructurado y Redes,Cables de Red y Conductores,610,MTS,0.0,=E224*G224,0.0,Disponible,,
LT-RED-048,CABLE UTP CAT 6 INT  LSZH TX,Cableado Estructurado y Redes,Cables de Red y Conductores,0,CAJAS,125092.0,=E225*G225,184.38,Sin Stock,P04935,
LT-RED-049,CABLE UTP CAT 6 INT  LSZH TX F/UTP,Cableado Estructurado y Redes,Cables de Red y Conductores,0,CAJAS,162303.0,=E226*G226,239.22,Sin Stock,P06385,
LT-RED-050,CABLE UTP CAT 6 INT  LSZH LV AZUL,Cableado Estructurado y Redes,Cables de Red y Conductores,85,CAJAS,131923.0,=E227*G227,194.44,Disponible,P06506,
LT-RED-051,CABLE UTP CAT 6 INT  LSZH LV GRIS,Cableado Estructurado y Redes,Cables de Red y Conductores,42,CAJAS,2280.0,=E228*G228,3.36,Disponible,P01610,
LT-RED-052,TERMINAL DE CAMPO,Cableado Estructurado y Redes,Terminales y Boquillas,6,UN,0.0,=E229*G229,0.0,Disponible,,
LT-RED-053,TX MODULO RJ45 CAT 6 INDUSTRIAL,Cableado Estructurado y Redes,Módulos y Conectores,0,UN,10723.0,=E230*G230,15.81,Sin Stock,P05167,
LT-RED-054,ADAPTADOR KEYSTONE MODELO 1,Cableado Estructurado y Redes,Módulos y Conectores,3,UN,0.0,=E231*G231,0.0,Disponible,,
LT-RED-055,ADAPTADOR KEYSTONE MODELO 2,Cableado Estructurado y Redes,Módulos y Conectores,8,UN,0.0,=E232*G232,0.0,Disponible,,
LT-RED-056,ADAPTADOR KEYSTONE MODELO 3,Cableado Estructurado y Redes,Módulos y Conectores,10,UN,0.0,=E233*G233,0.0,Disponible,,
LT-RED-057,LG FALSO POLO MOSAIC 1 MODULO 77070,Cableado Estructurado y Redes,Módulos y Conectores,0,UN,2957.0,=E234*G234,4107.0,Sin Stock,P03745,
LT-RED-058,FACEPLATA AUDIO,Cableado Estructurado y Redes,Accesorios y Varios,0,UN,0.0,=E235*G235,0.0,Sin Stock,,
LT-RED-059,FACE PLATE HDMI,Cableado Estructurado y Redes,Placas y Faceplates,0,UN,2686.0,=E236*G236,3.96,Sin Stock,P05169,
LT-ELE-001,CABLE LSZH 2.5 MM  B X 100,Componentes y Protecciones Eléctricas,Cables de Red y Conductores,0,UN,196.0,=E237*G237,272.0,Sin Stock,P02683,
LT-ELE-002,CABLE LSZH 2.5 MM R  X 100,Componentes y Protecciones Eléctricas,Cables de Red y Conductores,0,UN,196.0,=E238*G238,272.0,Sin Stock,P02683,
LT-ELE-003,CABLE LSZH 2.5 MM V X 100,Componentes y Protecciones Eléctricas,Cables de Red y Conductores,0,UN,196.0,=E239*G239,272.0,Sin Stock,P02683,
LT-ELE-004,"CORDON ELECTRICO 2,5MM X 3 F,N,T",Componentes y Protecciones Eléctricas,Patch Cords y Jumpers,0,MTS,0.0,=E240*G240,0.0,Sin Stock,,
LT-ELE-005,CORDON LIBRE HALOGENO RZ1-K 3X2.5MM NEGRO,Componentes y Protecciones Eléctricas,Patch Cords y Jumpers,0,MTS,1835.0,=E241*G241,2549.0,Sin Stock,P09133,
LT-ELE-006,RIEL DIN 1,Componentes y Protecciones Eléctricas,Accesorios y Varios,0,UN,1979.0,=E242*G242,2.91,Sin Stock,P05616,
LT-ELE-007,MODULOS MAGIC 5100,Componentes y Protecciones Eléctricas,Módulos y Conectores,0,UN,0.0,=E243*G243,0.0,Sin Stock,,
LT-ELE-008,MODULOS NORMAL 5113,Componentes y Protecciones Eléctricas,Módulos y Conectores,0,UN,0.0,=E244*G244,0.0,Sin Stock,,
LT-ELE-009,BT ENCHEFE TRIPLE MODUS PLUS BLANCO,Componentes y Protecciones Eléctricas,Accesorios y Varios,1,UN,3333.0,=E245*G245,4629.0,Disponible,P07027,
LT-ELE-010,BT MODULO MATIX 10A SEGURIDAD HEMBRA BLANCO AM5100,Componentes y Protecciones Eléctricas,Módulos y Conectores,0,UN,13059.0,=E246*G246,18138.0,Sin Stock,P03718,
LT-ELE-011,ENCHUFE INDUSTRIAL HEMBRA 16 AMP,Componentes y Protecciones Eléctricas,Accesorios y Varios,4,UN,0.0,=E247*G247,0.0,Disponible,,
LT-ELE-012,ENCHUFE INDUSTRIAL MACHO 16 AMP,Componentes y Protecciones Eléctricas,Accesorios y Varios,4,UN,0.0,=E248*G248,0.0,Disponible,,
LT-ELE-013,TABLERO ELECTRICO ELECTRICO SOBRE PUESTO 6 P,Componentes y Protecciones Eléctricas,Tableros y Protecciones Eléctricas,0,UN,0.0,=E249*G249,0.0,Sin Stock,,
LT-ELE-014,TABLERO ELECTRICO ELECTRICO SOBRE PUESTO 36 P,Componentes y Protecciones Eléctricas,Tableros y Protecciones Eléctricas,1,UN,0.0,=E250*G250,0.0,Disponible,,
LT-ELE-015,LX TABLERO METAL 1 PUERTA 300X200X150 IP65,Componentes y Protecciones Eléctricas,Tableros y Protecciones Eléctricas,0,UN,15813.0,=E251*G251,21963.0,Sin Stock,P05628,
LT-ELE-016,LX TABLERO METAL 1 PUERTA 300X300X200 IP65,Componentes y Protecciones Eléctricas,Tableros y Protecciones Eléctricas,0,UN,21895.0,=E252*G252,30410.0,Sin Stock,P05629,
LT-ELE-017,LX TABLERO METAL 1 PUERTA 400X300X200 IP65,Componentes y Protecciones Eléctricas,Tableros y Protecciones Eléctricas,0,UN,25545.0,=E253*G253,35479.0,Sin Stock,P05630,
LT-ELE-018,LX TABLERO METAL 1 PUERTA 500X400X200 IP65,Componentes y Protecciones Eléctricas,Tableros y Protecciones Eléctricas,0,UN,37709.0,=E254*G254,52373.0,Sin Stock,P05631,
LT-ELE-019,LX TABLERO METAL 1 PUERTA 600X400X200 IP65,Componentes y Protecciones Eléctricas,Tableros y Protecciones Eléctricas,0,UN,48656.0,=E255*G255,67578.0,Sin Stock,P05632,
LT-ELE-020,LX TABLERO METAL 1 PUERTA 800X600X200 IP65,Componentes y Protecciones Eléctricas,Tableros y Protecciones Eléctricas,0,UN,82107.0,=E256*G256,114037.0,Sin Stock,P05633,
LT-ELE-021,BK TABLERO POLIESTER 1 PUERTA 400X300X200MM C/PLACA MONTAJE,Componentes y Protecciones Eléctricas,Placas y Faceplates,0,UN,59597.0,=E257*G257,82774.0,Sin Stock,P09947,
LT-ELE-022,BK TABLERO POLIESTER 1 PUERTA 500X400X200MM C/PLACA MONTAJE,Componentes y Protecciones Eléctricas,Placas y Faceplates,0,UN,89361.0,=E258*G258,124113.0,Sin Stock,P09948,
LT-ELE-023,BK TABLERO POLIESTER 1 PUERTA 600X400X230MM C/PLACA MONTAJE,Componentes y Protecciones Eléctricas,Placas y Faceplates,0,UN,85300.0,=E259*G259,118472.0,Sin Stock,P09949,
LT-ELE-024,BK TABLERO POLIESTER 1 PUERTA 600X500X230MM C/PLACA MONTAJE,Componentes y Protecciones Eléctricas,Placas y Faceplates,0,UN,123334.0,=E260*G260,171297.0,Sin Stock,P09950,
LT-ELE-025,BK TABLERO POLIESTER 1 PUERTA 800X600X300MM C/PLACA MONTAJE,Componentes y Protecciones Eléctricas,Placas y Faceplates,0,UN,208916.0,=E261*G261,290161.0,Sin Stock,P09951,
LT-ELE-026,BT RIELES PLASTICOS 3P MAGIC 503R,Componentes y Protecciones Eléctricas,Accesorios y Varios,0,UN,1682.0,=E262*G262,2336.0,Sin Stock,P00553,
LT-ELE-027,BT PLACA ANODIZADA 1P MAGIC 503/1,Componentes y Protecciones Eléctricas,Placas y Faceplates,0,UN,4231.0,=E263*G263,5876.0,Sin Stock,P00541,
LT-ELE-028,BT PLACA ANODIZADA 2P MAGIC 503/2,Componentes y Protecciones Eléctricas,Placas y Faceplates,0,UN,4231.0,=E264*G264,5876.0,Sin Stock,P00542,
LT-ELE-029,LG AUTOMATICO 1X16A 6KA CURVA C RX3 419840,Componentes y Protecciones Eléctricas,Curvas y Codos,0,UN,3039.0,=E265*G265,4221.0,Sin Stock,P09379,
LT-ELE-030,LG AUTOMATICO 1X6A 6KA CURVA C RX3 419837,Componentes y Protecciones Eléctricas,Curvas y Codos,0,UN,3039.0,=E266*G266,4221.0,Sin Stock,P09377,
LT-ELE-031,LG AUTOMATICO 1X10A 6KA CURVA C RX3 419838,Componentes y Protecciones Eléctricas,Curvas y Codos,0,UN,3039.0,=E267*G267,4221.0,Sin Stock,P09378,
LT-ELE-032,LG AUTOMATICO 1X20A 6KA CURVA C RX3 419841,Componentes y Protecciones Eléctricas,Curvas y Codos,0,UN,3039.0,=E268*G268,4221.0,Sin Stock,P09380,
LT-ELE-033,LG AUTOMATICO 1X25A 6KA CURVA C RX3 419842,Componentes y Protecciones Eléctricas,Curvas y Codos,0,UN,3039.0,=E269*G269,4221.0,Sin Stock,P09381,
LT-ELE-034,LG INTERRUPTOR DIFERENCIAL 2X25A 30MA HPI 411590,Componentes y Protecciones Eléctricas,Tableros y Protecciones Eléctricas,0,UN,102940.0,=E270*G270,142972.0,Sin Stock,P03698,
LT-ELE-035,automatico inteligente,Componentes y Protecciones Eléctricas,Tableros y Protecciones Eléctricas,0,UN,0.0,=E271*G271,0.0,Sin Stock,,
LT-ELE-036,LG INTERRUPTOR DIFERENCIAL 2X40A 30MA HPI 411590,Componentes y Protecciones Eléctricas,Tableros y Protecciones Eléctricas,2,UN,102940.0,=E272*G272,142972.0,Disponible,P03698,
LT-ELE-037,LG INTERRUPTOR DIFERENCIAL 2X25A 30MA RX3 402024,Componentes y Protecciones Eléctricas,Tableros y Protecciones Eléctricas,0,UN,16210.0,=E273*G273,22514.0,Sin Stock,P09415,
LT-ELE-038,TK CONECTOR RAPIDO AMARILLO 12-10AWG X100,Componentes y Protecciones Eléctricas,Accesorios y Varios,0,UN,4740.0,=E274*G274,6.98,Sin Stock,P06234,
LT-ELE-039,TK TERMINAL FERRUL 2.5MM X 100 UD,Componentes y Protecciones Eléctricas,Terminales y Boquillas,0,UN,609.0,=E275*G275,846.0,Sin Stock,P05674,
LT-ELE-040,TX UPS INTERACTIVA RACK APEX 1KVA,Componentes y Protecciones Eléctricas,Gabinete y Racks,0,UN,145398.0,=E276*G276,214.31,Sin Stock,P07155,
LT-ELE-041,TX UPS INTERACTIVA RACK APEX 2KVA,Componentes y Protecciones Eléctricas,Gabinete y Racks,0,UN,184259.0,=E277*G277,271.59,Sin Stock,P07156,
LT-ELE-042,TX UPS INTERACTIVA RACK APEX 600VA,Componentes y Protecciones Eléctricas,Gabinete y Racks,1,UN,85251.0,=E278*G278,125.65,Disponible,P07154,
LT-ELE-043,TX UPS INTERACTIVA TORRE 1KVA VEST-1K,Componentes y Protecciones Eléctricas,Respaldos de Energía (UPS),0,UN,79107.0,=E279*G279,116.6,Sin Stock,P04186,
LT-ELE-044,TX UPS INTERACTIVA TORRE 2KVA VEST-2K,Componentes y Protecciones Eléctricas,Respaldos de Energía (UPS),0,UN,120606.0,=E280*G280,177.77,Sin Stock,P04188,
LT-ELE-045,TX UPS INTERACTIVA TORRE MONO 1.5KVA VEST-1.5K,Componentes y Protecciones Eléctricas,Respaldos de Energía (UPS),0,UN,103211.0,=E281*G281,152.12,Sin Stock,P04187,
LT-ELE-046,TX UPS INTERACTIVA TORRE MONO 600VA APEX-600VA,Componentes y Protecciones Eléctricas,Respaldos de Energía (UPS),0,UN,48406.0,=E282*G282,71.35,Sin Stock,P04185,
LT-ELE-047,TX UPS ONLINE RACK(450)/TORRE 1KVA WINPRO-1K,Componentes y Protecciones Eléctricas,Gabinete y Racks,0,UN,215403.0,=E283*G283,317.49,Sin Stock,P04796,
LT-ELE-048,TX UPS ONLINE RACK(600)/TORRE 2KVA WINPRO-2K,Componentes y Protecciones Eléctricas,Gabinete y Racks,1,UN,359086.0,=E284*G284,529.27,Disponible,P04797,
LT-ELE-049,TX UPS ONLINE RACK(800)/TORRE 3KVA WINPRO-3K,Componentes y Protecciones Eléctricas,Gabinete y Racks,0,UN,470618.0,=E285*G285,693.65,Sin Stock,P04798,
LT-ELE-050,TX UPS ONLINE RACK/TORRE 10KVA WINPRO-10K,Componentes y Protecciones Eléctricas,Gabinete y Racks,0,UN,1468835.0,=E286*G286,0.0,Sin Stock,P07081,
LT-ELE-051,TX UPS ONLINE RACK/TORRE 6KVA WINPRO-6K,Componentes y Protecciones Eléctricas,Gabinete y Racks,0,UN,1202717.0,=E287*G287,0.0,Sin Stock,P07080,
LT-ELE-052,TX UPS ONLINE TORRE 10KVA WINPRO-10K,Componentes y Protecciones Eléctricas,Respaldos de Energía (UPS),0,UN,1229168.0,=E288*G288,0.0,Sin Stock,P05056,
LT-ELE-053,TX UPS ONLINE TORRE 6KVA WINPRO-6K,Componentes y Protecciones Eléctricas,Respaldos de Energía (UPS),0,UN,896043.0,=E289*G289,0.0,Sin Stock,P05055,
LT-ELE-054,TX TARJETA SNMP UPS ONLINE WINPRO,Componentes y Protecciones Eléctricas,Respaldos de Energía (UPS),0,UN,97067.0,=E290*G290,143.07,Sin Stock,P04189,
LT-ELE-055,"TX KIT RIELES 19"" UPS WINPRO",Componentes y Protecciones Eléctricas,Respaldos de Energía (UPS),4,UN,37306.0,=E291*G291,54.99,Disponible,P04196,
LT-ELE-056,CABLE SALIDA UPS C-13-C14,Componentes y Protecciones Eléctricas,Cables de Red y Conductores,1,UN,0.0,=E292*G292,0.0,Disponible,,
LT-ELE-057,CABLE SALIDA UPS C-19-C20,Componentes y Protecciones Eléctricas,Cables de Red y Conductores,0,UN,0.0,=E293*G293,0.0,Sin Stock,,
LT-ELE-058,CABLE DE PODER C-13,Componentes y Protecciones Eléctricas,Cables de Red y Conductores,18,UN,0.0,=E294*G294,0.0,Disponible,,
LT-ELE-059,MODULO C20,Componentes y Protecciones Eléctricas,Módulos y Conectores,0,UN,0.0,=E295*G295,0.0,Sin Stock,,
LT-ELE-060,TERMINAL FERRUL 2.5MM X 100 GRIS,Componentes y Protecciones Eléctricas,Terminales y Boquillas,1,UN,609.0,=E296*G296,846.0,Disponible,P05674,
LT-ELE-061,TERMINAL CONECTIOR RAPIDO 3M AMARRILLO,Componentes y Protecciones Eléctricas,Terminales y Boquillas,30,UN,0.0,=E297*G297,0.0,Disponible,,
LT-ELE-062,TERMINAL CONICO AMARRILLO 12-10AWG,Componentes y Protecciones Eléctricas,Terminales y Boquillas,85,UN,0.0,=E298*G298,0.0,Disponible,,
LT-ELE-063,MODULO C19,Componentes y Protecciones Eléctricas,Módulos y Conectores,0,UN,0.0,=E299*G299,0.0,Sin Stock,,
LT-ELE-064,CALOTAS,Componentes y Protecciones Eléctricas,Accesorios y Varios,0,UN,0.0,=E300*G300,0.0,Sin Stock,,
LT-ELE-065,CAJA CHUQUI METALICA,Componentes y Protecciones Eléctricas,Cajas de Paso y Conexión,0,UN,624.0,=E301*G301,867.0,Sin Stock,P00048,
LT-ELE-066,PDU 12 MODULOS 5113,Componentes y Protecciones Eléctricas,Módulos y Conectores,2,UN,0.0,=E302*G302,0.0,Disponible,,
LT-ELE-067,CERTIFICACION RED ELECTRICA,Componentes y Protecciones Eléctricas,Accesorios y Varios,0,UN,0.0,=E303*G303,0.0,Sin Stock,,
LT-F.O-001,FIBRA OPTICA SM 6 F EXTERIOR  + INSTALACION + FERRETERIA,Fibra Óptica y Conectividad,Fibra Óptica,0,MTS,0.0,=E304*G304,0.0,Sin Stock,,
LT-F.O-002,CABLE F.O EXT SM 6 F,Fibra Óptica y Conectividad,Cables de Red y Conductores,30,MTS,0.0,=E305*G305,0.0,Disponible,,
LT-F.O-003,CABLE F.O EXT SM 24 F,Fibra Óptica y Conectividad,Cables de Red y Conductores,14,MTS,0.0,=E306*G306,0.0,Disponible,,
LT-F.O-004,CABLE F.O INT AQUA 6 F,Fibra Óptica y Conectividad,Cables de Red y Conductores,24,MTS,0.0,=E307*G307,0.0,Disponible,,
LT-F.O-005,CABLE F.O OM1 NARANJA,Fibra Óptica y Conectividad,Cables de Red y Conductores,50,MTS,0.0,=E308*G308,0.0,Disponible,,
LT-F.O-006,FIBRA OPTICA OM3 INT 6 F,Fibra Óptica y Conectividad,Fibra Óptica,0,MTS,0.0,=E309*G309,0.0,Sin Stock,,
LT-F.O-007,CABECERA 1 U 72F,Fibra Óptica y Conectividad,Fibra Óptica,7,UN,0.0,=E310*G310,0.0,Disponible,,
LT-F.O-008,CABECERA 2 U 144 F,Fibra Óptica y Conectividad,Fibra Óptica,1,UN,0.0,=E311*G311,0.0,Disponible,,
LT-F.O-009,CABECERA DESLIZABLE CON COPLAS SF+CASSET,Fibra Óptica y Conectividad,Coplas y Uniones,1,UN,0.0,=E312*G312,0.0,Disponible,,
LT-F.O-010,CABECERA MURAL SC,Fibra Óptica y Conectividad,Fibra Óptica,1,UN,0.0,=E313*G313,0.0,Disponible,,
LT-F.O-011,MUFA domo 48 f vertical,Fibra Óptica y Conectividad,Fibra Óptica,1,UN,0.0,=E314*G314,0.0,Disponible,,
LT-F.O-012,MUFA domo 144 f vertical,Fibra Óptica y Conectividad,Fibra Óptica,1,UN,0.0,=E315*G315,0.0,Disponible,,
LT-F.O-013,MINI PLACAS SM LC 12 GUIAS,Fibra Óptica y Conectividad,Placas y Faceplates,1,UN,0.0,=E316*G316,0.0,Disponible,,
LT-F.O-014,MINI PLACAS OM3 LC 12 GUIAS,Fibra Óptica y Conectividad,Placas y Faceplates,4,UN,0.0,=E317*G317,0.0,Disponible,,
LT-F.O-015,MINI PLACAS SM SC 12 GUIAS,Fibra Óptica y Conectividad,Placas y Faceplates,2,UN,0.0,=E318*G318,0.0,Disponible,,
LT-F.O-016,UNIFI SFP+DIRECT ATTACH COPPER CABLE 10 GB 1 MT,Fibra Óptica y Conectividad,Cables de Red y Conductores,6,UN,0.0,=E319*G319,0.0,Disponible,,
LT-F.O-017,UNIFI SFP+DIRECT ATTACH COPPER CABLE 10 GB 2 MT,Fibra Óptica y Conectividad,Cables de Red y Conductores,2,UN,0.0,=E320*G320,0.0,Disponible,,
LT-F.O-018,JUMPER  DUPLEX  SM LC-LC 1 MTS PIGTAIL X 12,Fibra Óptica y Conectividad,Patch Cords y Jumpers,2,UN,0.0,=E321*G321,0.0,Disponible,,
LT-F.O-019,JUMPER  DUPLEX  SM LC-LC 2 MTS PIGTAIL,Fibra Óptica y Conectividad,Patch Cords y Jumpers,0,UN,3458.0,=E322*G322,5.1,Sin Stock,P02696,
LT-F.O-020,JUMPER  DUPLEX  OM3 LC-LC 2 MTS,Fibra Óptica y Conectividad,Patch Cords y Jumpers,7,UN,0.0,=E323*G323,0.0,Disponible,,
LT-F.O-021,JUMPER  DUPLEX  OM3 LC-LC 1 MTS,Fibra Óptica y Conectividad,Patch Cords y Jumpers,5,UN,0.0,=E324*G324,0.0,Disponible,,
LT-F.O-022,JUMPER  DUPLEX  SM LC-LC 2 MTS CRUZADA,Fibra Óptica y Conectividad,Patch Cords y Jumpers,0,UN,3458.0,=E325*G325,5.1,Sin Stock,P02696,
LT-F.O-023,JUMPER  DUPLEX  SM LC-SC 3 MTS,Fibra Óptica y Conectividad,Patch Cords y Jumpers,0,UN,3684.0,=E326*G326,5.43,Sin Stock,P01418,
LT-F.O-024,JUMPER  DUPLEX  SM LC-FC 2 MTS,Fibra Óptica y Conectividad,Patch Cords y Jumpers,1,UN,3458.0,=E327*G327,5.1,Disponible,P02696,
LT-F.O-025,JUMPER  DUPLEX  SM SC-SC 2 MTS,Fibra Óptica y Conectividad,Patch Cords y Jumpers,1,UN,0.0,=E328*G328,0.0,Disponible,,
LT-F.O-026,JUMPER  DUPLEX  OM3 LC-SC 5 MTS,Fibra Óptica y Conectividad,Patch Cords y Jumpers,0,UN,0.0,=E329*G329,0.0,Sin Stock,,
LT-F.O-027,CASSET PORTA EMPALME 12 F,Fibra Óptica y Conectividad,Accesorios y Varios,7,UN,0.0,=E330*G330,0.0,Disponible,,
LT-F.O-028,CASSET PORTA EMPALME 24 F,Fibra Óptica y Conectividad,Accesorios y Varios,2,UN,0.0,=E331*G331,0.0,Disponible,,
LT-F.O-029,TAPAS CIEGAS CABECERAS,Fibra Óptica y Conectividad,Fibra Óptica,5],UN,0.0,=E332*G332,0.0,Disponible,,
LT-F.O-030,MANGUITO TERMO FUSION 40MM 50 UNI,Fibra Óptica y Conectividad,Accesorios y Varios,0,UN,0.0,=E333*G333,0.0,Sin Stock,,
LT-F.O-031,MANGUITO TERMO FUSION 60MM 50 UNI,Fibra Óptica y Conectividad,Accesorios y Varios,1,UN,0.0,=E334*G334,0.0,Disponible,,
LT-F.O-032,MEDIA CONVER MAS MODULO SFP SM,Fibra Óptica y Conectividad,Módulos y Conectores,],UN,0.0,=E335*G335,0.0,Sin Stock,,
LT-F.O-033,MODULO SFP SM CUDY 20K 1.25G DUPLEX,Fibra Óptica y Conectividad,Módulos y Conectores,5,UN,0.0,=E336*G336,0.0,Disponible,,
LT-F.O-034,MODULO SFP MM CUDY 550M 1.25G DUPLEX,Fibra Óptica y Conectividad,Módulos y Conectores,2,UN,0.0,=E337*G337,0.0,Disponible,,
LT-F.O-035,MODULO SFP MM UBIQUITI  550M 1.G DUPLEX,Fibra Óptica y Conectividad,Módulos y Conectores,3,UN,0.0,=E338*G338,0.0,Disponible,,
LT-F.O-036,CHASIS CONVERT 14 SLOT,Fibra Óptica y Conectividad,Accesorios y Varios,0,UN,193070.0,=E339*G339,284.57,Sin Stock,P05397,
LT-F.O-037,TOALLITAS CAJAS,Fibra Óptica y Conectividad,Cajas de Paso y Conexión,3,UN,0.0,=E340*G340,0.0,Disponible,,
LT-F.O-038,ALCOHOL,Fibra Óptica y Conectividad,Accesorios y Varios,1,UN,0.0,=E341*G341,0.0,Disponible,,
LT-F.O-039,FUSION FO CABECERA,Fibra Óptica y Conectividad,Fibra Óptica,0,UN,0.0,=E342*G342,0.0,Sin Stock,,
LT-F.O-040,FUSION FO MUFA,Fibra Óptica y Conectividad,Fibra Óptica,0,UN,0.0,=E343*G343,0.0,Sin Stock,,
LT-F.O-041,CERTIFICACION,Fibra Óptica y Conectividad,Accesorios y Varios,0,UN,0.0,=E344*G344,0.0,Sin Stock,,
LT-AIR-001,Aire Acondicionado 18.000 BUT,Climatización y Ventilación,Accesorios y Varios,0,UN,0.0,=E345*G345,0.0,Sin Stock,,
LT-FER-001,CABLE,"Fijaciones, Soportería y Consumibles",Cables de Red y Conductores,0,ROLLO,0.0,=E346*G346,0.0,Sin Stock,,
LT-FER-002,CABLE RG6 TX,"Fijaciones, Soportería y Consumibles",Cables de Red y Conductores,35,MTS,0.0,=E347*G347,0.0,Disponible,,
LT-FER-003,BRAZO HIDRAULICO CHICO,"Fijaciones, Soportería y Consumibles",Accesorios y Varios,1,UN,0.0,=E348*G348,0.0,Disponible,,
LT-FER-004,SPLITTER TV 2X1,"Fijaciones, Soportería y Consumibles",Accesorios y Varios,6,UN,0.0,=E349*G349,0.0,Disponible,,
LT-FER-005,CONECTOR RAPIDO 4 PIN,"Fijaciones, Soportería y Consumibles",Accesorios y Varios,54,UN,0.0,=E350*G350,0.0,Disponible,,
LT-FER-006,CONECTOR RAPIDO 2 PIN,"Fijaciones, Soportería y Consumibles",Accesorios y Varios,100,UN,0.0,=E351*G351,0.0,Disponible,,
LT-FER-007,CADENA,"Fijaciones, Soportería y Consumibles",Accesorios y Varios,0,MTS,0.0,=E352*G352,0.0,Sin Stock,,
LT-FER-008,tablero,"Fijaciones, Soportería y Consumibles",Tableros y Protecciones Eléctricas,0,UN,0.0,=E353*G353,0.0,Sin Stock,,
LT-FER-009,MONTAJE DE POSTE + HOYURA,"Fijaciones, Soportería y Consumibles",Accesorios y Varios,0,UN,0.0,=E354*G354,0.0,Sin Stock,,
LT-FER-010,RED ELECTRICA POSTE,"Fijaciones, Soportería y Consumibles",Accesorios y Varios,0,UN,0.0,=E355*G355,0.0,Sin Stock,,
LT-FER-011,EMPLAME INTERIOR,"Fijaciones, Soportería y Consumibles",Accesorios y Varios,0,UN,0.0,=E356*G356,0.0,Sin Stock,,
LT-FER-012,TRASLADO DE POSTE,"Fijaciones, Soportería y Consumibles",Accesorios y Varios,0,UN,0.0,=E357*G357,0.0,Sin Stock,,
LT-FER-013,CAMNION,"Fijaciones, Soportería y Consumibles",Accesorios y Varios,0,UN,0.0,=E358*G358,0.0,Sin Stock,,
LT-FER-014,TIJERA ELECTRICA 12 MTS,"Fijaciones, Soportería y Consumibles",Accesorios y Varios,0,MES,0.0,=E359*G359,0.0,Sin Stock,,
LT-FER-015,TRASLADO TIJERA,"Fijaciones, Soportería y Consumibles",Accesorios y Varios,0,UN,0.0,=E360*G360,0.0,Sin Stock,,
LT-FER-016,POSTE MAS TABLERO MAS RED ELECTRICA Y EMPALME,"Fijaciones, Soportería y Consumibles",Tableros y Protecciones Eléctricas,0,ROLLO,0.0,=E361*G361,0.0,Sin Stock,,
LT-FER-017,MORDASA COLA DE CHACHO,"Fijaciones, Soportería y Consumibles",Accesorios y Varios,0,UN,0.0,=E362*G362,0.0,Sin Stock,,
LT-FER-018,tensores,"Fijaciones, Soportería y Consumibles",Accesorios y Varios,4,UN,0.0,=E363*G363,0.0,Disponible,,
LT-FER-019,GRAMPAS X 25,"Fijaciones, Soportería y Consumibles",Accesorios y Varios,0,UN,0.0,=E364*G364,0.0,Sin Stock,,
LT-FER-020,CORCHETES,"Fijaciones, Soportería y Consumibles",Accesorios y Varios,0,UN,0.0,=E365*G365,0.0,Sin Stock,,
LT-FER-021,KIT DE LIMPIEZA LIQUIDO + PAÑOS,"Fijaciones, Soportería y Consumibles",Accesorios y Varios,0,UN,0.0,=E366*G366,0.0,Sin Stock,,
LT-FER-022,CORCHETERA,"Fijaciones, Soportería y Consumibles",Accesorios y Varios,0,UN,0.0,=E367*G367,0.0,Sin Stock,,
LT-FER-023,anclaje mural,"Fijaciones, Soportería y Consumibles",Accesorios y Varios,0,UN,0.0,=E368*G368,0.0,Sin Stock,,
LT-FER-024,ESPIRAL DE CABLES,"Fijaciones, Soportería y Consumibles",Cables de Red y Conductores,0,UN,0.0,=E369*G369,0.0,Sin Stock,,
LT-FER-025,Plastico,"Fijaciones, Soportería y Consumibles",Accesorios y Varios,0,UN,0.0,=E370*G370,0.0,Sin Stock,,
LT-FER-026,CINTA MASKEY,"Fijaciones, Soportería y Consumibles",Accesorios y Varios,0,UN,0.0,=E371*G371,0.0,Sin Stock,,
LT-FER-027,PEGAMENTO PVC,"Fijaciones, Soportería y Consumibles",Accesorios y Varios,0,UN,0.0,=E372*G372,0.0,Sin Stock,,
LT-FER-028,BANDEROLA FO,"Fijaciones, Soportería y Consumibles",Accesorios y Varios,0,UN,0.0,=E373*G373,0.0,Sin Stock,,
LT-FER-029,Alambre Acerado – 1.5 mm,"Fijaciones, Soportería y Consumibles",Accesorios y Varios,0,UN,0.0,=E374*G374,0.0,Sin Stock,,
LT-FER-030,VASELINA,"Fijaciones, Soportería y Consumibles",Accesorios y Varios,0,UN,0.0,=E375*G375,0.0,Sin Stock,,
LT-FER-031,CASSET PARA ROTULAR,"Fijaciones, Soportería y Consumibles",Accesorios y Varios,0,UN,0.0,=E376*G376,0.0,Sin Stock,,
LT-FER-032,"TX PACK TUERCA JAULA + PERNO M-6 X
20PCS","Fijaciones, Soportería y Consumibles","Pernos, Tornillos y Tarugos",0,UN,2723.0,=E377*G377,4.02,Sin Stock,P03026,
LT-FER-033,TUERCAS,"Fijaciones, Soportería y Consumibles","Pernos, Tornillos y Tarugos",0,UN,0.0,=E378*G378,0.0,Sin Stock,,
LT-FER-034,"TK AMARRA CABLE NEGRO 4.8X300MM
X 100 PCS","Fijaciones, Soportería y Consumibles",Cables de Red y Conductores,80,UN,1729.0,=E379*G379,2401.0,Disponible,P02690,
LT-FER-035,VELCRO 22 MTS,"Fijaciones, Soportería y Consumibles",Accesorios y Varios,0,UN,13285.0,=E380*G380,18451.0,Sin Stock,P01046,
LT-FER-036,HINCHA AISLADORA,"Fijaciones, Soportería y Consumibles",Accesorios y Varios,1,UN,0.0,=E381*G381,0.0,Disponible,,
LT-FER-037,TORNILLOS 6mm,"Fijaciones, Soportería y Consumibles","Pernos, Tornillos y Tarugos",0,UN,0.0,=E382*G382,0.0,Sin Stock,,
LT-FER-038,TARUGOS 6mm X 100,"Fijaciones, Soportería y Consumibles","Pernos, Tornillos y Tarugos",0,UN,315.0,=E383*G383,437.0,Sin Stock,P07060,
LT-FER-039,GOLILLA 5/16,"Fijaciones, Soportería y Consumibles","Pernos, Tornillos y Tarugos",250,UN,0.0,=E384*G384,0.0,Disponible,,varias
LT-FER-040,TARUGOS PALOMA,"Fijaciones, Soportería y Consumibles","Pernos, Tornillos y Tarugos",107,UN,0.0,=E385*G385,0.0,Disponible,,
LT-FER-041,TACO ANCLAJE 3/8 TARUGO BANDEJA,"Fijaciones, Soportería y Consumibles",Bandejas y Escalerillas,0,UN,0.0,=E386*G386,0.0,Sin Stock,,
LT-FER-042,TORNILLOS AUTOPERFORANTE 1`` lentejas cortos,"Fijaciones, Soportería y Consumibles","Pernos, Tornillos y Tarugos",100,UN,0.0,=E387*G387,0.0,Disponible,,
LT-FER-043,TORNILLOS AUTOPERFORANTE 1/2`` lentejas largos,"Fijaciones, Soportería y Consumibles","Pernos, Tornillos y Tarugos",300,UN,0.0,=E388*G388,0.0,Disponible,,
LT-FER-044,TORNILLOS AUTOPERFORANTE 1``hexagonal,"Fijaciones, Soportería y Consumibles","Pernos, Tornillos y Tarugos",2000,UN,0.0,=E389*G389,0.0,Disponible,,
LT-FER-045,BROCAS 10MM METAL (CAJAS),"Fijaciones, Soportería y Consumibles",Cajas de Paso y Conexión,0,UN,0.0,=E390*G390,0.0,Sin Stock,,
LT-FER-046,BROCAS 6MM METAL (CAJAS),"Fijaciones, Soportería y Consumibles",Cajas de Paso y Conexión,0,UN,0.0,=E391*G391,0.0,Sin Stock,,
LT-FER-047,BROCAS 6 MM CONCRETO (montaje ),"Fijaciones, Soportería y Consumibles",Herramientas,0,UN,0.0,=E392*G392,0.0,Sin Stock,,
LT-FER-048,BROCA 8 MM CONCRETO HILLO CORRIDO,"Fijaciones, Soportería y Consumibles",Herramientas,0,UN,0.0,=E393*G393,0.0,Sin Stock,,
LT-FER-049,PERNOS O TRONILLOS ESPECIALES,"Fijaciones, Soportería y Consumibles","Pernos, Tornillos y Tarugos",0,UN,0.0,=E394*G394,0.0,Sin Stock,,
LT-FER-050,BROCA CONICA METAL,"Fijaciones, Soportería y Consumibles",Herramientas,0,UN,0.0,=E395*G395,0.0,Sin Stock,,
LT-FER-051,PERNO ANCLAJES 8 MM (BANDEJA - RACK) 6 UN,"Fijaciones, Soportería y Consumibles",Bandejas y Escalerillas,0,UN,0.0,=E396*G396,0.0,Sin Stock,,
LT-POS-001,Hilite de 12mts en 4mm espesor,Infraestructura Exterior y Postes,Accesorios y Varios,0,UN,0.0,=E397*G397,0.0,Sin Stock,,
LT-POS-002,perfil metalico,Infraestructura Exterior y Postes,Accesorios y Varios,0,UN,0.0,=E398*G398,0.0,Sin Stock,,
LT-POS-003,estructura para antenas,Infraestructura Exterior y Postes,Accesorios y Varios,0,UN,0.0,=E399*G399,0.0,Sin Stock,,
LT-POS-004,Dado de hormigon con materiales e instalacion,Infraestructura Exterior y Postes,Accesorios y Varios,0,UN,0.0,=E400*G400,0.0,Sin Stock,,
LT-POS-005,Canastillo 7/8,Infraestructura Exterior y Postes,Accesorios y Varios,0,UN,0.0,=E401*G401,0.0,Sin Stock,,
LT-POS-006,Montaje de poste,Infraestructura Exterior y Postes,Accesorios y Varios,0,UN,0.0,=E402*G402,0.0,Sin Stock,,
LT-POS-007,montaje de tablero,Infraestructura Exterior y Postes,Tableros y Protecciones Eléctricas,0,UN,0.0,=E403*G403,0.0,Sin Stock,,
LT-POS-008,camion por montaje de poste + tablero + antenas,Infraestructura Exterior y Postes,Tableros y Protecciones Eléctricas,0,UN,0.0,=E404*G404,0.0,Sin Stock,,
LT-POS-009,Traslado poste,Infraestructura Exterior y Postes,Accesorios y Varios,0,UN,0.0,=E405*G405,0.0,Sin Stock,,
LT-POS-010,EMPALME ELECTRICOS,Infraestructura Exterior y Postes,Accesorios y Varios,0,UN,0.0,=E406*G406,0.0,Sin Stock,,
LT-POS-011,cto para otros postes,Infraestructura Exterior y Postes,Accesorios y Varios,0,UN,0.0,=E407*G407,0.0,Sin Stock,,
LT-POS-012,cto tableros,Infraestructura Exterior y Postes,Tableros y Protecciones Eléctricas,0,UN,0.0,=E408*G408,0.0,Sin Stock,,
LT-HER-001,CINTA DE GOMA,"Herramientas, Equipamiento y EPP",Accesorios y Varios,0,UN,0.0,=E409*G409,0.0,Sin Stock,,
LT-HER-002,DISCO CORTE,"Herramientas, Equipamiento y EPP",Accesorios y Varios,0,UN,0.0,=E410*G410,0.0,Sin Stock,,
LT-HER-003,HOJAS SIERRA,"Herramientas, Equipamiento y EPP",Accesorios y Varios,0,UN,0.0,=E411*G411,0.0,Sin Stock,,
LT-HER-004,LIMA,"Herramientas, Equipamiento y EPP",Accesorios y Varios,0,UN,0.0,=E412*G412,0.0,Sin Stock,,
LT-HER-005,LIJA,"Herramientas, Equipamiento y EPP",Accesorios y Varios,0,UN,0.0,=E413*G413,0.0,Sin Stock,,
LT-HER-006,SILICONA TRANSPARENTE VIDRIOS,"Herramientas, Equipamiento y EPP",Accesorios y Varios,0,UN,0.0,=E414*G414,0.0,Sin Stock,,
LT-HER-007,LLAVE PARA TUERAS,"Herramientas, Equipamiento y EPP",Accesorios y Varios,0,UN,0.0,=E415*G415,0.0,Sin Stock,,
LT-HER-008,ESPUMA EXPANDIBLE,"Herramientas, Equipamiento y EPP",Accesorios y Varios,0,UN,0.0,=E416*G416,0.0,Sin Stock,,
LT-HER-009,PLUMON PERMANENTE,"Herramientas, Equipamiento y EPP",Accesorios y Varios,0,UN,0.0,=E417*G417,0.0,Sin Stock,,
LT-HER-010,PUNTAS PHILLIS,"Herramientas, Equipamiento y EPP",Accesorios y Varios,0,UN,0.0,=E418*G418,0.0,Sin Stock,,
LT-HER-011,PINTURA AMARILLAS Y NEGRA,"Herramientas, Equipamiento y EPP",Accesorios y Varios,0,UN,0.0,=E419*G419,0.0,Sin Stock,,
LT-HER-012,ANDAMIOS,"Herramientas, Equipamiento y EPP",Accesorios y Varios,0,UN,0.0,=E420*G420,0.0,Sin Stock,,
LT-HER-013,GUANTES,"Herramientas, Equipamiento y EPP",EPP y Seguridad,0,UN,0.0,=E421*G421,0.0,Sin Stock,,
LT-HER-014,ANTIPARRAS,"Herramientas, Equipamiento y EPP",EPP y Seguridad,0,UN,0.0,=E422*G422,0.0,Sin Stock,,
LT-HER-015,MASCARILLAS 20 UN,"Herramientas, Equipamiento y EPP",Accesorios y Varios,0,UN,0.0,=E423*G423,0.0,Sin Stock,,
LT-HER-016,PROTECTOR AUDITIVOS 2OREJAS MAS GOMAS,"Herramientas, Equipamiento y EPP",EPP y Seguridad,0,UN,0.0,=E424*G424,0.0,Sin Stock,,
LT-HER-017,"ESCALAS TIJERAS 2,40MTS","Herramientas, Equipamiento y EPP",Herramientas,0,UN,0.0,=E425*G425,0.0,Sin Stock,,
LT-HER-018,TALADROS PERCUTOR,"Herramientas, Equipamiento y EPP",Herramientas,0,UN,0.0,=E426*G426,0.0,Sin Stock,,
LT-HER-019,EXTENCION (CABLE-MODULOS-ENCHUFE),"Herramientas, Equipamiento y EPP",Cables de Red y Conductores,0,MTS,0.0,=E427*G427,0.0,Sin Stock,,
LT-HER-020,LAUCHA PLASTICA 9 MTS,"Herramientas, Equipamiento y EPP",Accesorios y Varios,0,UN,0.0,=E428*G428,0.0,Sin Stock,,
LT-HER-021,BROCA 25MM CONCRETO / PASADA MURO,"Herramientas, Equipamiento y EPP",Herramientas,0,UN,0.0,=E429*G429,0.0,Sin Stock,,
LT-HER-022,ANDAMIOS,"Herramientas, Equipamiento y EPP",Accesorios y Varios,0,UN,0.0,=E430*G430,0.0,Sin Stock,,
LT-HER-023,modulos varios,"Herramientas, Equipamiento y EPP",Módulos y Conectores,15,UN,0.0,=E431*G431,0.0,Disponible,,
LT-HER-024,modulos cat6 genericos,"Herramientas, Equipamiento y EPP",Módulos y Conectores,8,UN,0.0,=E432*G432,0.0,Disponible,,
LT-HER-025,PASTA SOLDAR,"Herramientas, Equipamiento y EPP",Accesorios y Varios,1,UN,0.0,=E433*G433,0.0,Disponible,,
LT-HER-026,TIMER,"Herramientas, Equipamiento y EPP",Accesorios y Varios,1,UN,0.0,=E434*G434,0.0,Disponible,,
LT-HER-027,SOPORTE CAMARA PTZ DAHUA DH-PF305W,"Herramientas, Equipamiento y EPP",Accesorios y Varios,4,UN,0.0,=E435*G435,0.0,Disponible,,
LT-HER-028,cable HDMI  25 MTS,"Herramientas, Equipamiento y EPP",Cables de Red y Conductores,3,UN,0.0,=E436*G436,0.0,Disponible,,
LT-HER-029,cable HDMI  1.8 MTS,"Herramientas, Equipamiento y EPP",Cables de Red y Conductores,1,UN,4099.0,=E437*G437,6.04,Disponible,P05374,
LT-HER-030,CABLE HDMI 5 MTS,"Herramientas, Equipamiento y EPP",Cables de Red y Conductores,2,UN,0.0,=E438*G438,0.0,Disponible,,
LT-HER-031,MODULO HDMI - HDMI,"Herramientas, Equipamiento y EPP",Módulos y Conectores,1,UN,0.0,=E439*G439,0.0,Disponible,,
LT-HER-032,Splitter POE Ubiquiti 48 v,"Herramientas, Equipamiento y EPP",Accesorios y Varios,17,UN,0.0,=E440*G440,0.0,Disponible,,
LT-HER-033,chapa cajon cilindro 19mm largo cilindro 20mm,"Herramientas, Equipamiento y EPP",Accesorios y Varios,2,UN,0.0,=E441*G441,0.0,Disponible,,
LT-HER-034,bizagras,"Herramientas, Equipamiento y EPP",Accesorios y Varios,6,UN,0.0,=E442*G442,0.0,Disponible,,
LT-HER-035,Guarda Cabo,"Herramientas, Equipamiento y EPP",Accesorios y Varios,1,UN,0.0,=E443*G443,0.0,Disponible,,
LT-HER-036,Cancamo cabo,"Herramientas, Equipamiento y EPP",Accesorios y Varios,1,UN,0.0,=E444*G444,0.0,Disponible,,
LT-HER-037,CABLE ACERADO GRUESO,"Herramientas, Equipamiento y EPP",Cables de Red y Conductores,5,MTS,0.0,=E445*G445,0.0,Disponible,,
LT-HER-038,Abarzaderas perros cabo,"Herramientas, Equipamiento y EPP",Accesorios y Varios,11,UN,0.0,=E446*G446,0.0,Disponible,,
LT-HER-039,PORTA CANDADO 3 1/2,"Herramientas, Equipamiento y EPP",Accesorios y Varios,1,UN,0.0,=E447*G447,0.0,Disponible,,
LT-HER-040,Tuerca Hexa 3/8,"Herramientas, Equipamiento y EPP","Pernos, Tornillos y Tarugos",8,UN,0.0,=E448*G448,0.0,Disponible,,
LT-HER-041,Tuerca Hexa 1/4,"Herramientas, Equipamiento y EPP","Pernos, Tornillos y Tarugos",30,UN,145.0,=E449*G449,202.0,Disponible,P06600,
LT-HER-042,tira fondo,"Herramientas, Equipamiento y EPP",Accesorios y Varios,0,UN,0.0,=E450*G450,0.0,Sin Stock,,
LT-HER-043,tarugo 8 mm,"Herramientas, Equipamiento y EPP","Pernos, Tornillos y Tarugos",80,UN,0.0,=E451*G451,0.0,Disponible,,
LT-HER-044,ADAPTADOR VIDEO DISPLAY PORT MACHO A HDMI HEMBRA UI,"Herramientas, Equipamiento y EPP",Accesorios y Varios,1,UN,0.0,=E452*G452,0.0,Disponible,,
LT-HER-045,CANCAMO LARGO TUERCA,"Herramientas, Equipamiento y EPP","Pernos, Tornillos y Tarugos",4,UN,0.0,=E453*G453,0.0,Disponible,,
LT-HER-046,CHAPA PUERTA DORMITORIO NEGRA,"Herramientas, Equipamiento y EPP",Accesorios y Varios,1,UN,0.0,=E454*G454,0.0,Disponible,,
LT-HER-047,PINTURA BLANCA DORMITORIO,"Herramientas, Equipamiento y EPP",Accesorios y Varios,1,UN,0.0,=E455*G455,0.0,Disponible,,
LT-HER-048,PASTA MURO,"Herramientas, Equipamiento y EPP",Accesorios y Varios,0,UN,0.0,=E456*G456,0.0,Sin Stock,,
LT-HER-049,SILICONA VEHICULO,"Herramientas, Equipamiento y EPP",Accesorios y Varios,0,UN,0.0,=E457*G457,0.0,Sin Stock,,
LT-HER-050,ANTICORROSIVO CHICO TARRO NEGRO,"Herramientas, Equipamiento y EPP",Accesorios y Varios,0,UN,0.0,=E458*G458,0.0,Sin Stock,,
LT-HER-051,BLOQUEADOR,"Herramientas, Equipamiento y EPP",Accesorios y Varios,0,UN,0.0,=E459*G459,0.0,Sin Stock,,
LT-HER-052,ESMALTE AL AGUA CHICO,"Herramientas, Equipamiento y EPP",Accesorios y Varios,0,UN,0.0,=E460*G460,0.0,Sin Stock,,
LT-HER-053,ACEITE CAJA CHICA,"Herramientas, Equipamiento y EPP",Cajas de Paso y Conexión,0,UN,0.0,=E461*G461,0.0,Sin Stock,,
LT-HER-054,DILUYENTE,"Herramientas, Equipamiento y EPP",Accesorios y Varios,1,UN,0.0,=E462*G462,0.0,Disponible,,
LT-HER-055,CINTA PARED GRUESA,"Herramientas, Equipamiento y EPP",Accesorios y Varios,1,UN,0.0,=E463*G463,0.0,Disponible,,
LT-HER-056,ADHESIVO MONTAJE,"Herramientas, Equipamiento y EPP",Accesorios y Varios,1,UN,0.0,=E464*G464,0.0,Disponible,,
LT-HER-057,NO MAS CLAVO,"Herramientas, Equipamiento y EPP",Accesorios y Varios,0,UN,0.0,=E465*G465,0.0,Sin Stock,,
LT-HER-058,AIRE COMPREMIDO,"Herramientas, Equipamiento y EPP",Accesorios y Varios,0,UN,0.0,=E466*G466,0.0,Sin Stock,,
LT-HER-059,BROCHA 2´´,"Herramientas, Equipamiento y EPP",Accesorios y Varios,1,UN,0.0,=E467*G467,0.0,Disponible,,
LT-HER-060,MONTERO,"Herramientas, Equipamiento y EPP",Accesorios y Varios,0,UN,0.0,=E468*G468,0.0,Sin Stock,,
LT-HER-061,FRAGUE ROJO,"Herramientas, Equipamiento y EPP",Accesorios y Varios,2,UN,0.0,=E469*G469,0.0,Disponible,,
LT-HER-062,YESO,"Herramientas, Equipamiento y EPP",Accesorios y Varios,0,UN,0.0,=E470*G470,0.0,Sin Stock,,
LT-HER-063,OVEROL LT M,"Herramientas, Equipamiento y EPP",EPP y Seguridad,1,UN,0.0,=E471*G471,0.0,Disponible,,
LT-HER-064,OVEROL INFRA M,"Herramientas, Equipamiento y EPP",EPP y Seguridad,2,UN,0.0,=E472*G472,0.0,Disponible,,
LT-HER-065,CHAQUETILLA LT XL,"Herramientas, Equipamiento y EPP",Accesorios y Varios,1,UN,0.0,=E473*G473,0.0,Disponible,,
LT-HER-066,PANTALON JEANS TALLA 48,"Herramientas, Equipamiento y EPP",Accesorios y Varios,1,UN,0.0,=E474*G474,0.0,Disponible,,
LT-HER-067,CASCO AZUL,"Herramientas, Equipamiento y EPP",EPP y Seguridad,1,UN,0.0,=E475*G475,0.0,Disponible,,
LT-HER-068,CASO BLANCO,"Herramientas, Equipamiento y EPP",Accesorios y Varios,1,UN,0.0,=E476*G476,0.0,Disponible,,
LT-HER-069,COLAS DE ARNES ESTROBO CABO DE VIDA NUEVAS,"Herramientas, Equipamiento y EPP",Accesorios y Varios,2,UN,0.0,=E477*G477,0.0,Disponible,,
LT-HER-070,BROCA 20 MM LARGA,"Herramientas, Equipamiento y EPP",Herramientas,1,UN,0.0,=E478*G478,0.0,Disponible,,
LT-HER-071,RIEL DIN,"Herramientas, Equipamiento y EPP",Accesorios y Varios,1.2,MTS,0.0,=E479*G479,0.0,Disponible,,
LT-HER-072,LIJA,"Herramientas, Equipamiento y EPP",Accesorios y Varios,1,UN,0.0,=E480*G480,0.0,Disponible,,
LT-HER-073,CHAQUETILLA M,"Herramientas, Equipamiento y EPP",Accesorios y Varios,1,UN,0.0,=E481*G481,0.0,Disponible,,
LT-HER-074,CHAQUETILLA INFRA M,"Herramientas, Equipamiento y EPP",Accesorios y Varios,1,UN,0.0,=E482*G482,0.0,Disponible,,
LT-HER-075,Dobladora EMT 20 MM Naranja,"Herramientas, Equipamiento y EPP",Tuberías y Conductos,1,UN,0.0,=E483*G483,0.0,Disponible,,
LT-HER-076,Dobladora EMT 25 MM Naranja,"Herramientas, Equipamiento y EPP",Tuberías y Conductos,1,UN,0.0,=E484*G484,0.0,Disponible,,
LT-HER-077,Dobladora EMT 32 MM Naranja,"Herramientas, Equipamiento y EPP",Tuberías y Conductos,1,UN,0.0,=E485*G485,0.0,Disponible,,
LT-HER-078,pala,"Herramientas, Equipamiento y EPP",Accesorios y Varios,1,UN,0.0,=E486*G486,0.0,Disponible,,
LT-HER-079,susho,"Herramientas, Equipamiento y EPP",Accesorios y Varios,1,UN,0.0,=E487*G487,0.0,Disponible,,
LT-HER-080,dobladora de 32 gris sin mango,"Herramientas, Equipamiento y EPP",Accesorios y Varios,2,UN,0.0,=E488*G488,0.0,Disponible,,
LT-HER-081,banco de trabajo,"Herramientas, Equipamiento y EPP",Accesorios y Varios,1,UN,0.0,=E489*G489,0.0,Disponible,,
LT-HER-082,plana,"Herramientas, Equipamiento y EPP",Accesorios y Varios,1,UN,0.0,=E490*G490,0.0,Disponible,,
LT-HER-083,laucha metalica larga,"Herramientas, Equipamiento y EPP",Accesorios y Varios,1,UN,0.0,=E491*G491,0.0,Disponible,,
LT-HER-084,manga plastica trasnparente 4mt de ancho x 5 mt largo,"Herramientas, Equipamiento y EPP",Accesorios y Varios,1,UN,0.0,=E492*G492,0.0,Disponible,,
LT-HER-085,cinta de peligro,"Herramientas, Equipamiento y EPP",Accesorios y Varios,1,UN,0.0,=E493*G493,0.0,Disponible,,
LT-HER-086,conos grandes,"Herramientas, Equipamiento y EPP",Accesorios y Varios,4,UN,0.0,=E494*G494,0.0,Disponible,,
LT-HER-087,conos chicos,"Herramientas, Equipamiento y EPP",Accesorios y Varios,1,UN,0.0,=E495*G495,0.0,Disponible,,
LT-HER-088,tizador,"Herramientas, Equipamiento y EPP",Accesorios y Varios,1,UN,0.0,=E496*G496,0.0,Disponible,,
LT-HER-089,herramienta compresion conector recto F Coaxial,"Herramientas, Equipamiento y EPP",Herramientas,1,UN,0.0,=E497*G497,0.0,Disponible,,
LT-HER-090,ENRIQUE LINHG AUTOMATEC,"Herramientas, Equipamiento y EPP",Accesorios y Varios,0,UN,0.0,=E498*G498,0.0,Sin Stock,,
LT-ELE-101,Cable C13 Americano,Componentes y Protecciones Eléctricas,Accesorios y Varios,7,UN,0.0,=E499*G499,0.0,Disponible,,Agregado manualmente
LT-ELE-102,Cable C13 Schuko,Componentes y Protecciones Eléctricas,Accesorios y Varios,33,UN,0.0,=E500*G500,0.0,Disponible,,Agregado manualmente
LT-ELE-103,Cable Trebol Schuko,Componentes y Protecciones Eléctricas,Accesorios y Varios,11,UN,0.0,=E501*G501,0.0,Disponible,,Agregado manualmente
LT-RED-101,Cable RCA Estereo,Cableado Estructurado y Redes,Accesorios y Varios,2,UN,0.0,=E502*G502,0.0,Disponible,,Agregado manualmente
