,,,,,,,,,,,
,,,,,,,Planilla,,,,
,,,,,,,may-25,,,,
,,,,,,,,,,,
,CLIENTE,,,,,,,,,,
,,,,,,,,,,,
,,PRODUCTOS,CANTIDAD,TIPO,COSTO,TOTAL,PROVEEDOR,,,,
,EMT,ABRAZADERAS CADDY 20MM LZSH,,TIRA,"$2,814",$0,,,,,
,,ABRAZADERAS CADDY 25MM LZSH,,UN,$259,$0,,,,,
,,ABRAZADERAS CADDY EMT 20MM,,UN,$389,$0,,,,,
,,ABRAZADERAS CADDY EMT 25MM,,UN,$413,$0,,,,,
,,ABRAZADERAS CADDY EMT 32MM,,UN,$513,$0,,,,,
,,ABRAZADERAS CADDY EMT 40MM,,TIRA,"$3,599",$0,,,,,
,,ABRAZADERAS CADDY EMT 50MM,,UN,$335,$0,,,,,
,,ABRAZADERA METALICA OMEGA 40MM TSP-40,,UN,$436,$0,,,,,
,,ABRAZADERA METALICA OMEGA 50MM TSP-50,,UN,$471,$0,,,,,
,,ABRAZADERAS OMEGA 16MM,,UN,$778,$0,,,,,
,,ABRAZADERAS OMEGA 20MM,,TIRA,"$6,074",$0,,,,,
,,ABRAZADERAS OMEGA 25MM,,UN,$384,$0,,,,,
,,ABRAZADERAS OMEGA 32MM,,UN,"$1,149",$0,,,,,
,,CAJA CHUQUI METALICA,,UN,$624,$0,,,,,
,,CAJA CHUQUI METALICA E.G.,,UN,"$1,406",$0,,,,,
,,CAJAS ESTANCAS 100*100 EMT,,UN,$981,$0,,,,,
,,CAJAS ESTANCAS 100*65*65 EMT A01,,UN,"$1,423",$0,,,,,
,,COPLA 20MM EMT,,TIRA,"$1,974",$0,,,,,
,,COPLA 25MM EMT,,TIRA,"$23,598",$0,,,,,
,,COPLA 32MM EMT,,TIRA,$908,$0,,,,,
,,COPLA 40MM EMT,,ROLLO,"$1,199",$0,,,,,
,,COPLA 50MM EMT,,ROLLO,"$28,036",$0,,,,,
,,CURVA 20MM EMT,,UN,$903,$0,,,,,
,,CURVA 90° CONDUIT PVC 16MM,,UN,"$1,065",$0,,,,,
,,CURVA 90° CONDUIT PVC 20MM,,UN,"$44,704",$0,,,,,
,,CURVA 90° CONDUIT PVC 20MM LZSH,,UN,"$1,849",$0,,,,,
,,CURVA 90° CONDUIT PVC 40MM,,UN,$20,$0,,,,,
,,CURVA 90° CONDUIT PVC 50MM,,UN,"$1,458",$0,,,,,
,,CURVAS 25MM EMT,,UN,"$1,766",$0,,,,,
,,CURVAS 32MM EMT,,UN,"$4,220",$0,,,,,
,,CURVAS CORTAS 25MM EMT,,UN,"$6,021",$0,,,,,
,,CURVAS LARGAS 25MM EMT,,UN,"$9,031",$0,,,,,
,,DOBLADORA EMT 20 MM NARANJA,,UN,$981,$0,,,,,
,,DOBLADORA EMT 25 MM NARANJA,,UN,,$0,,,,,
,,DOBLADORA EMT 32 MM NARANJA,,UN,,$0,,,,,
,,EMT 20MM X 3 MTS,,UN,,$0,,,,,
,,EMT 25MM X 3 MTS,,UN,,$0,,,,,
,,EMT 32MM X 3 MTS,,UN,,$0,,,,,
,,EMT 50MM X 3 MTS,,,,$0,,,,,
,,SALIDA DE CAJA CONDUIT PVC 16MM,,,,$0,,,,,
,,SALIDA DE CAJA CONDUIT PVC 20MM,,,,$0,,,,,
,,SALIDA DE CAJA CONDUIT PVC 20MM LZSH,,,,$0,,,,,
,,SALIDA DE CAJA CONDUIT PVC 50MM,,,,$0,,,,,
,,TAPA CIEGA METALICA,,,,$0,,,,,
,,TERMINAL 20MM EMT,,,,$0,,,,,
,,TERMINAL COMPLETO CONDUIT PVC 50MM,,,,$0,,,,,
,,TERMINALES 25MM EMT,,,,$0,,,,,
,,TERMINALES 32MM EMT,,,,$0,,,,,
,,TERMINALES 50MM EMT,,,,$0,,,,,
,,TK CAJA PRE-GALVANIZADA A-01,,,,$0,,,,,
,,TK CAJA PRE-GALVANIZADA A-011,,,,$0,,,,,
,,TK CAJA PRE-GALVANIZADA B-12 200X100X100MM,,,,$0,,,,,
,,TK CAJA PRE-GALVANIZADA B-15 150X150X100MM,,,,$0,,,,,
,,TK CAJA PRE-GALVANIZADA B-22 200X200X100MM,,,,$0,,,,,
,,TK CAJA PRE-GALVANIZADA B-23 300X200X150MM,,,,$0,,,,,
,,TK CONDUIT FLEXIBLE METALICO PVC 32MM 30MTS,,,,$0,,,,,
,,TK CONECTOR EMT A FLEXIBLE 20MM,,,,$0,,,,,
,,TK CONECTOR EMT A FLEXIBLE 25MM,,,,$0,,,,,
,,TK CONECTOR METALICO CURVO CONDUIT FLEX 20MM,,,,$0,,,,,
,,TK CONECTOR METALICO CURVO CONDUIT FLEX 25MM,,,,$0,,,,,
,,TK CONECTOR METALICO CURVO CONDUIT FLEX 32MM,,,,$0,,,,,
,,TK CONECTOR METALICO RECTO CONDUIT FLEX 32MM,,,,$0,,,,,
,,TK CONECTOR RAPIDO AMARILLO 12-10AWG X100,,,,$0,,,,,
,,TUBO CONDUIT PVC 40MM 3 MTS,,,,$0,,,,,
,,TUBO CONDUIT PVC 50MM 3 MTS,,,,$0,,,,,
,,,,,,$0,,,,,
,,,,,,$0,,,,,
,,,,,,$0,,,,,
,BPC,GY BANDEJA RANURADA BPCG 100X50X1.2 TIRA 3 MTS GALV,,Tira,"$28,394",$0,,,,,
,,GY BANDEJA RANURADA BPCG 200X100X1.2 TIRA 3 MTS GALV,,tira,"$52,950",$0,,,,,
,,GY CURVA RANURADA BPCG HORIZONTAL CH90 100X50X1.2 R200 GALV,,UN,"$9,574",$0,,,,,
,,GY CURVA RANURADA BPCG VERT INT CVI90 100X501.2 R200 GALV,,UN,"$8,438",$0,,,,,
,,GY CURVA RANURADA BPCG CT 200X100X1.2 R200 GALV,,UN,"$22,356",$0,,,,,
,,GY CURVA RANURADA BPCG HORIZONTAL CH90 200X100X1.2 R200 GALV,,UN,"$16,435",$0,,,,,
,,GY CURVA RANURADA BPCG VERT EXT CVE90 100X50X1.2 R200 GALV,,UN,"$8,438",$0,,,,,
,,GY CURVA RANURADA BPCG VERT EXT CVE90 200X100X1.2 R200 GALV,,UN,"$15,528",$0,,,,,
,,GY CURVA RANURADA BPCG VERT INT CVI90 200X100X1.2 R200 GALV,,UN,"$14,685",$0,,,,,
,,GY CURVA RANURADA BPCG CT 100X50X1.2 R200 GALV,,UN,"$21,653",$0,,,,,
,,GY ESCALERILLA EPCG 300X100X2.0 TIRA 3 MTS GALV,,tira,"$71,065",$0,,,,,
,,GY TAPA BPCG EPCG 200X15X1.2 TIRA 3MTS GALV,,tira,"$28,654",$0,,,,,
,,GY TAPA BPCG EPCG 300X15X1.2 TIRA 3 MTS GALV,,tira,"$42,261",$0,,,,,
,,GY ESCALERILLA EPCG 200X100X2.0 TIRA 3 MTS GALV,,tira,"$68,113",$0,,,,,
,,GY TAPA BPCG EPCG 100X15X1.2 TIRA 3 MTS GALV,,tira,"$23,660",$0,,,,,
,,,,,,$0,,,,,
,,SOPORTE ESTRIBO 100*50 ZN.,,UN,"$1,351",$0,,,,,
,,HILO 3/8*3000 ZN.,,mts,"$7,810",$0,,,,,
,,TUERCA HEX. 3/8 ZN.,,UN,$100,$0,,,,,
,,GOLILLA PLANA 3/8 ZN.,,UN,$150,$0,,,,,
,,PERNO COCHE 1/4*5/8 ZN.,,UN,$40,$0,,,,,
,,TUERCA HEX. 1/4 ZN.,,UN,$150,$0,,,,,
,,RIEL 42*42*1.9*3000 ZN.,,UN,$300,$0,,,,,
,,TUERCA R/42 3/8 C/RESORTE ZN.,,MTS,"$3,542",$0,,,,,
,,Cablofil Bandeja rejilla 200x65X3000mm ,,TIRA,"$21,307",$0,,,,,
,,Varilla roscada M10X3000,,TIRA,"$3,005",$0,,,,,
,,Unión rapida Altura 65 y 105mm - zincada,,UN,$498,$0,,,,,
,,Unión grapa con perno,,UN,$389,$0,,,,,
,,Soporte puente 3000mm,,TIRA ,"$27,008",$0,,,,,
,,CURVAS CABLO FIL,,UN,"$25,412",$0,,,,,
,,ACCESORIOS VARIOS,,UN,"$12,210",$0,,,,,
,,,,,,$0,,,,,
,,,,,,$0,,,,,
,,,,,,$0,,,,,
,,,,,,$0,,,,,
,,,,,,$0,,,,,
,,,,,,$0,,,,,
,,,,,,$0,,,,,
,,,,,,$0,,,,,
,,,,,,$0,,,,,
,,,,,,$0,,,,,
,,,,,,$0,,,,,
,,,,,,$0,,,,,
,,,,,,$0,,,,,
,,,,,,$0,,,,,
,,,,,,$0,,,,,
,,,,,,$0,,,,,
,,,,,,$0,,,,,
,,,,,,$0,,,,,
,,,,,,$0,,,,,
,,,,,,$0,,,,,
,,,,,,$0,,,,,
,,,,,,$0,,,,,
,,,,,,$0,,,,,
,,,,,,$0,,,,,
,,,,,,$0,,,,,
,,,,,,$0,,,,,
,,,,,,$0,,,,,
,,,,,,$0,,,,,
,,,,,,$0,,,,,
,,,,,,$0,,,,,
,,,,,,$0,,,,,
,,,,,,$0,,,,,
,,,,,,$0,,,,,
,,,,,,$0,,,,,
,PVC,PVC 20 MM X 3 MTS,,TIRA,$721,$0,,,,,
,,SALIDA DE CAJA CONDUIT PVC 20MM,,UN,$75,$0,,,,,
,,CURVA 90° CONDUIT PVC 20MM,,UN,$209,$0,,,,,
,,ABRAZADERAS OMEGA 20MM,,UN,$57,$0,,,,,
,,PVC 25 MM X 3 MTS,,TIRA,$930,$0,,,,,
,,TERMINAL PVC 25MM,,UN,$95,$0,,,,,
,,CODO PVC 25 MM,,UN,$268,$0,,,,,
,,ABRAZADERAS OMEGA 25MM,,UN,$65,$0,,,,,
,,PVC 32 MM X 3 MTS,,TIRA,"$1,410",$0,,,,,
,,TERMINAL PVC 32MM,,UN,$215,$0,,,,,
,,CODO PVC 32 MM,,UN,$330,$0,,,,,
,,ABRAZADERAS OMEGA 32MM,,UN,$96,$0,,,,,
,,TUBO CONDUIT PVC 40MM 3 MTS,,TIRA,"$2,454",$0,,,,,
,,CURVA 90° CONDUIT PVC 40MM,,UN,$518,$0,,,,,
,,TUBO CONDUIT PVC 50MM 3 MTS,,Tira,"$3,589",$0,,,,,
,,CURVA 90° CONDUIT PVC 50MM,,UN,"$1,076",$0,,,,,
,,TERMINAL COMPLETO CONDUIT PVC 50MM,,UN,$918,$0,,,,,
,,SALIDA DE CAJA CONDUIT PVC 50MM,,UN,$455,$0,,,,,
,,ABRAZADERA METALICA OMEGA 40MM TSP-40,,UN,$64,$0,,,,,
,,ABRAZADERA METALICA OMEGA 50MM TSP-50,,UN,$96,$0,,,,,
,,CAJAS DE PASO PLASTICA,,UN,$867,$0,,,,,
,,LX CAJA ESTANCA 85X85X50 IP55 7 SALIDAS,,UN,"$1,233",$0,,,,,
,,LX CAJA ESTANCA 100X100X70 IP55 7 SALIDAS,,UN,"$2,075",$0,,,,,
,,GY TAPA BPCG EPCG 300X15X1.2 TIRA 3 MTS GALV,,UN,"$42,261",$0,,,,,
,,GY ESCALERILLA EPCG 200X100X2.0 TIRA 3 MTS GALV,,UN,"$68,113",$0,,,,,
,,,,,,$0,,,,,
,,,,,,$0,,,,,
,,,,,,$0,,,,,
,,,,,,$0,,,,,
,,,,,,$0,,,,,
,,,,,,$0,,,,,
,,,,,,$0,,,,,
,,,,,,$0,,,,,
,,,,,,$0,,,,,
,,,,,,$0,,,,,
,,,,,,$0,,,,,
,,,,,,$0,,,,,
,,,,,,$0,,,,,
,,,,,,$0,,,,,
,,,,,,$0,,,,,
,,,,,,$0,,,,,
,,,,,,$0,,,,,
,,,,,,$0,,,,,
,,,,,,$0,,,,,
,,,,,,$0,,,,,
,,,,,,$0,,,,,
,,,,,,$0,,,,,
,DLP,ACCESORIO 100X50 MM ZOLODA EXTERIOR,,MTS,"$2,061",$0,,,,,
,,ACCESORIO 100X50 MM ZOLODA FINAL,,UN,$453,$0,,,,,
,,ACCESORIO 100X50 MM ZOLODA INTERIOR,,UN,$530,$0,,,,,
,,ACCESORIO 100X50 MM ZOLODA PLANO,,UN,$636,$0,,,,,
,,ACCESORIO 100X50 MM ZOLODA T,,UN,$519,$0,,,,,
,,ACCESORIO 10X20 MM ZOLADA EXTERIOR,,UN,$730,$0,,,,,
,,ACCESORIO 10X20 MM ZOLADA INTERIOR,,MTS,"$7,498",$0,,,,,
,,ACCESORIO 10X20 MM ZOLADA PLANO,,UN,"$2,780",$0,,,,,
,,ACCESORIO 16X40MM CAFE EXTERIOR,,UN,"$5,528",$0,,,,,
,,ACCESORIO 16X40MM CAFE FINAL,,UN,"$4,453",$0,,,,,
,,ACCESORIO 16X40MM CAFE INTERIOR,,UN,"$2,109",$0,,,,,
,,ACCESORIO 16X40MM CAFE PLANO,,UN,"$4,874",$0,,,,,
,,ACCESORIO 16X40MM CAFE T,,UN,$899,$0,,,,,
,,ACCESORIO 16X40MM ZOLODA EXTERIOR,,UN,"$1,355",$0,,,,,
,,ACCESORIO 16X40MM ZOLODA FINAL,,Tira,"$3,204",$0,,,,,
,,ACCESORIO 16X40MM ZOLODA INTERIOR,,mts,"$36,404",$0,,,,,
,,ACCESORIO 16X40MM ZOLODA PLANO,,mts,"$16,260",$0,,,,,
,,ACCESORIO 16X40MM ZOLODA T,,UN,"$20,708",$0,,,,,
,,BANDEJA DLP 100X50 MM ZOLODA,,UN,"$15,218",$0,,,,,
,,BANDEJA DLP 16X40 MM CAFE,,UN,"$24,408",$0,,,,,
,,BANDEJA DLP 16X40 MM ZOLODA,,UN,"$30,454",$0,,,,,
,,BANDEJA DLP 16X40 MM ZOLODA CON PEGAMENTO,,UN,"$1,799",$0,,,,,
,,BT TAPA CIEGA BLANCO (SIN TORNILLOS) 503ECH,,UN,"$3,396",$0,,,,,
,,LG ANGULO EXTERIOR 80X50 - 105X50 - 150X50MM 10622,,UN,"$3,856",$0,,,,,
,,LG ANGULO INTERIOR 80X50 - 105X50 - 150X50MM 10602,,UN,"$5,976",$0,,,,,
,,LG ANGULO PLANO 105X50MM 10785,,UN,"$9,269",$0,,,,,
,,LG BANDEJA 105X50MM BLANCO X MTS 10422,,mts,"$20,846",$0,,,,,
,,LG DERIVACION T 105X50MM 10736,,UN,"$4,604",$0,,,,,
,,LG JUNTA BANDEJA UNIVERSAL 80X50 - 105X50 - 150X50MM 10691,,mts,"$5,584",$0,,,,,
,,LG JUNTA TAPA COMPLETA 105X50MM 10802,,UN,,$0,,,,,
,,LG SOPORTE MOSAIC 2 MODULOS 85MM - 105X50 10992,,UN,"$3,799",$0,,,,,
,,LG SOPORTE MOSAIC 3 MODULOS 85MM - 105X50 10993,,,,$0,,,,,
,,LG SOPORTE UNIVERSAL 3 MODULOS 85MM - 105X50 10916,,,,$0,,,,,
,,LG TABIQUE SEPARADOR 80X50 - 105X50 - 150X50MM 10582 MTS,,,,$0,,,,,
,,LG TAPA COMPLETA FLEXIBLE 85MM 105X50MM 10522 MTS,,,,$0,,,,,
,,LG TAPA EXTREMO 105X50MM 10702,,,,$0,,,,,
,,SOPORTE UNIVERSAL BAJO PERFIL 100X50MM BTKS-100-50-BL,,,,$0,,,,,
,,TAPAS ZOLODAS,,,,$0,,,,,
,,UNION BANDEJA 100X50,,,,$0,,,,,
,,ZL BANDEJA PISO 48X13MM TPP-4813-GR MTS,,,,$0,,,,,
,,,,,,$0,,,,,
,,,,,,$0,,,,,
,,,,,,$0,,,,,
,,,,,,$0,,,,,
,,,,,,$0,,,,,
,,,,,,$0,,,,,
,,,,,,$0,,,,,
,,,,,,$0,,,,,
,,,,,,$0,,,,,
,RACK,PERNO ANCLAJES 8 MM (BANDEJA - RACK) 6 UN,,UN,"$559,744",$0,,,,,
,,PERNOS JAULAS,,UN,"$505,138",$0,,,,,
,,RACK 09 U 600 FONDO,,UN,"$668,970",$0,,,,,
,,RACK 12 U 600 FONDO,,UN,"$450,530",$0,,,,,
,,RACK 15 U 600 FONDO,,UN,"$860,105",$0,,,,,
,,RACK 18 U 600 FONDO,,UN,"$901,060",$0,,,,,
,,RUEDAS,,UN,"$341,305",$0,,,,,
,,TX BANDEJA 4 VERTICE,,UN,"$143,349",$0,,,,,
,,TX BANDEJA VENTILADA GABINETE MURAL 300MM,,UN,"$129,698",$0,,,,,
,,TX GABINETE 1500X800 32U ARMABLE P/VIDRIO + KIT INST,,UN,"$118,779",$0,,,,,
,,TX GABINETE 2100X1000 42U ARMABLE P/MICRO + KIT INST,,UN,"$99,661",$0,,,,,
,,TX GABINETE 2100X600 42U ARMABLE P/VIDRIO + KIT INST,,UN,"$75,090",$0,,,,,
,,TX GABINETE 2100X800 42U ARMABLE P/MICRO + KIT INST,,UN,"$1,160,455",$0,,,,,
,,TX GABINETE 2100X800 42U ARMABLE P/VIDRIO + KIT INST,,UN,"$368,620",$0,,,,,
,,TX GABINETE 2200X1200 45U ARMABLE P/MICRO + KIT INST,,UN,"$61,439",$0,,,,,
,,TX GABINETE 2200X800X1200 45U ARM P/MICRO 4 ORD VERT,,UN,"$10,236",$0,,,,,
,,TX GABINETE EXTERIOR IP65 42UX600X800MM,,UN,$900,$0,,,,,
,,TX GABINETE MURAL ARMABLE 6UX450,,UN,"$4,500",$0,,,,,
,,TX GABINETE MURAL EXTERIOR IP65 12UX600X600MM,,UN,"$1,233",$0,,,,,
,,TX KIT TURBINA + CABLE ENCHUFE ITALIANO GABINETE MURAL,,,,$0,,,,,
,,TX ORDENADOR 19X1U HORIZONTAL TAPA,,,,$0,,,,,
,,TX ORDENADOR 19X2U HORIZONTAL TAPA,,,,$0,,,,,
,,TX ORDENADOR VERTICAL 42U,,,,$0,,,,,
,,TX PACK TUERCA JAULA + PERNO M-6 X 20PCS,,,,$0,,,,,
,,TX UPS INTERACTIVA RACK APEX 1KVA,,,,$0,,,,,
,,TX UPS INTERACTIVA RACK APEX 2KVA,,,,$0,,,,,
,,TX UPS INTERACTIVA RACK APEX 600VA,,,,$0,,,,,
,,TX UPS ONLINE RACK(450)/TORRE 1KVA WINPRO-1K,,,,$0,,,,,
,,TX UPS ONLINE RACK(600)/TORRE 2KVA WINPRO-2K,,,,$0,,,,,
,,TX UPS ONLINE RACK(800)/TORRE 3KVA WINPRO-3K,,,,$0,,,,,
,,TX UPS ONLINE RACK/TORRE 10KVA WINPRO-10K,,,,$0,,,,,
,,TX UPS ONLINE RACK/TORRE 6KVA WINPRO-6K,,,,$0,,,,,
,,,,,,$0,,,,,
,,,,,,$0,,,,,
,,,,,,$0,,,,,
,RED,ADAPTADOR KEYSTONE MODELO 1,,UN,"$6,378",$0,,,,,
,,ADAPTADOR KEYSTONE MODELO 2,,U0,"$1,200",$0,,,,,
,,ADAPTADOR KEYSTONE MODELO 3,,UN,"$1,933",$0,,,,,
,,CABLE PIN 4X24 AMG BLANCO X 100,,UN,"$2,003",$0,,,,,
,,CABLE RG6 TX,,UN,"$5,489",$0,,,,,
,,CABLE UTP CAT 3,,UN,"$2,003",$0,,,,,
,,CABLE UTP CAT 5E TX GRIS,,UN,"$5,489",$0,,,,,
,,CABLE UTP CAT 6 EXT F/UTP TX,,UN,"$1,755",$0,,,,,
,,CABLE UTP CAT 6 EXT UTP TX,,UN,"$4,876",$0,,,,,
,,CABLE UTP CAT 6 INT LSZH LV AZUL,,UN,"$1,358",$0,,,,,
,,CABLE UTP CAT 6 INT LSZH LV GRIS,,UN,"$5,595",$0,,,,,
,,CABLE UTP CAT 6 INT LSZH TX,,UN,"$2,850",$0,,,,,
,,CABLE UTP CAT 6 INT LSZH TX F/UTP,,UN,"$7,504",$0,,,,,
,,CABLE UTP CAT 6A INT U/FTP TX,,UN,"$11,544",$0,,,,,
,,CERTIFICACION UTP,,UN,"$11,803",$0,,,,,
,,"CORDON ELECTRICO 2,5MM X 3 F,N,T",,UN,"$22,039",$0,,,,,
,,CORDON LIBRE HALOGENO RZ1-K 3X2.5MM NEGRO,,UN,"$33,970",$0,,,,,
,,FACE PLATE HDMI,,UN,"$2,298",$0,,,,,
,,FACE PLATE LV DOBLE,,UN,"$5,795",$0,,,,,
,,FACE PLATE LV SIMPLE,,UN,"$9,553",$0,,,,,
,,FACE PLATE TX 3P,,UN,$954,$0,,,,,
,,FACEPLATA AUDIO,,UN,"$2,003",$0,,,,,
,,LV CORD CAT 6 UTP 0.6 MTS BLANCO LSZH HIGH FLEX 6H460-02W,,UN,"$4,876",$0,,,,,
,,LV CORD CAT 6A U/FTP 2.1 MTS BLANCO LSZH HIGH FLEX H6A10-07W,,UN,"$5,936",$0,,,,,
,,MODULO CAT 5E NEGRO LV,,UN,"$10,825",$0,,,,,
,,MODULO CAT 6 BLANCO LV,,UN,"$3,358",$0,,,,,
,,MODULO CAT 6 BLANCO TX,,UN,"$3,251",$0,,,,,
,,MODULO RJ12 CAT 3 BLANCO LV,,UN,"$13,404",$0,,,,,
,,MODULOS CAT 6 NEGRO LV,,UN,$836,$0,,,,,
,,MODULOS CAT 6 NEGRO TX,,UN,"$68,096",$0,,,,,
,,MODULOS CAT 6A F/UTP TX,,CAJAS,"$143,761",$0,,,,,
,,MODULOS CAT6 GENERICOS,,CAJAS,"$202,373",$0,,,,,
,,PACTH PANEL CAT 5E HD DINTEK,,CAJAS,"$156,365",$0,,,,,
,,PACTH PANEL CAT 5E HD TX,,CAJAS,"$202,879",$0,,,,,
,,PACTH PANEL CAT 6 HD LEV,,CAJAS,"$164,904",$0,,,,,
,,"PATCH CORDS 0,5 MT TX",,UN,$836,$0,,,,,
,,"PATCH CORDS 0,9 MT LV",,UN,"$3,696",$0,,,,,
,,PATCH CORDS 0.3 MT LV,,UN,"$6,500",$0,,,,,
,,PATCH CORDS 0.6 MT LV,,UN,"$5,700",$0,,,,,
,,PATCH CORDS 1 MT TX,,UN,"$15,000",$0,,,,,
,,PATCH PANEL PLACA VACIA 1U LV,,,,$0,,,,,
,,PATCH PANEL PLACA VACIA 1U TX,,,,$0,,,,,
,,PUNTO CONSOLIDACION MAS TERMINALES,,,,$0,,,,,
,,ROSETAS TELEFONICAS,,,,$0,,,,,
,,SPLITTER POE UBIQUITI 48 V,,,,$0,,,,,
,,SPLITTER TV 2X1,,,,$0,,,,,
,,TX ADAPTADOR KEYSTONE MOSAIC 1P BLANCO,,,,$0,,,,,
,,TX CAPUCHON GRIS X 50 UNID,,,,$0,,,,,
,,TX CAPUCHON INDUSTRIAL,,,,$0,,,,,
,,TX CONECTOR RJ45 MPTL MACHO UTP UNIFILAR/MULT S/HERRAM X 25 U,,,,$0,,,,,
,,TX CORD CAT 6 UTP 2 MTS INDUSTRIAL,,,,$0,,,,,
,,TX FACE PLATE DOBLE INDUSTRIAL,,,,$0,,,,,
,,TX FACE PLATE SIMPLE INDUSTRIAL,,,,$0,,,,,
,,TX MODULO RJ45 CAT 6 INDUSTRIAL,,,,$0,,,,,
,,TX PLUG RJ-45 CAT 6,,,,$0,,,,,
,,USER CORDS 2 MTS TX,,,,$0,,,,,
,,"USER CORDS 2,1 MTS LV",,,,$0,,,,,
,,"USER CORDS 6,1 MTS LV",,,,$0,,,,,
,,,,,,$0,,,,,
,,,,,,$0,,,,,
,,,,,,$0,,,,,
,,,,,,$0,,,,,
,,,,,,$0,,,,,
,,,,,,$0,,,,,
,,,,,,$0,,,,,
,,,,,,$0,,,,,
,ELECTRICO,AUTOMATICO INTELIGENTE,,UN,"$40,051",$0,,,,,
,,BK TABLERO POLIESTER 1 PUERTA 400X300X200MM C/PLACA MONTAJE,,UN,"$40,051",$0,,,,,
,,BK TABLERO POLIESTER 1 PUERTA 500X400X200MM C/PLACA MONTAJE,,UN,"$40,051",$0,,,,,
,,BK TABLERO POLIESTER 1 PUERTA 600X400X230MM C/PLACA MONTAJE,,MTS,"$1,171",$0,,,,,
,,BK TABLERO POLIESTER 1 PUERTA 600X500X230MM C/PLACA MONTAJE,,MTS,"$2,294",$0,,,,,
,,BK TABLERO POLIESTER 1 PUERTA 800X600X300MM C/PLACA MONTAJE,,UN,"$2,474",$0,,,,,
,,BT MODULO MATIX 10A SEGURIDAD HEMBRA BLANCO AM5100,,UN,"$23,159",$0,,,,,
,,BT PLACA ANODIZADA 1P MAGIC 503/1,,UN,"$3,056",$0,,,,,
,,BT PLACA ANODIZADA 2P MAGIC 503/2,,UN,"$16,324",$0,,,,,
,,BT RIELES PLASTICOS 3P MAGIC 503R,,UN,"$30,000",$0,,,,,
,,CABLE DE PODER C-13,,UN,"$19,766",$0,,,,,
,,CABLE LSZH 2.5 MM B X 100,,UN,"$27,369",$0,,,,,
,,CABLE LSZH 2.5 MM R X 100,,UN,"$31,931",$0,,,,,
,,CABLE LSZH 2.5 MM V X 100,,UN,"$47,136",$0,,,,,
,,CABLE SALIDA UPS C-13-C14,,UN,"$60,820",$0,,,,,
,,CABLE SALIDA UPS C-19-C20,,UN,"$102,634",$0,,,,,
,,CALOTAS,,UN,"$74,496",$0,,,,,
,,CAMION POR MONTAJE DE POSTE + TABLERO + ANTENAS,,UN,"$111,701",$0,,,,,
,,CERTIFICACION RED ELECTRICA,,UN,"$106,625",$0,,,,,
,,CONECTOR RAPIDO 2 PIN,,UN,"$154,168",$0,,,,,
,,CONECTOR RAPIDO 4 PIN,,UN,"$261,145",$0,,,,,
,,CTO TABLEROS,,UN,"$2,103",$0,,,,,
,,ENCHUFE INDUSTRIAL HEMBRA 16 AMP,,UN,"$5,289",$0,,,,,
,,ENCHUFE INDUSTRIAL MACHO 16 AMP,,UN,"$5,289",$0,,,,,
,,EXTENCION (CABLE-MODULOS-ENCHUFE),,UN,"$3,799",$0,,,,,
,,LG AUTOMATICO 1X10A 6KA CURVA C RX3 419838,,UN,"$3,799",$0,,,,,
,,LG AUTOMATICO 1X16A 6KA CURVA C RX3 419840,,UN,"$3,799",$0,,,,,
,,LG AUTOMATICO 1X20A 6KA CURVA C RX3 419841,,UN,"$3,799",$0,,,,,
,,LG AUTOMATICO 1X25A 6KA CURVA C RX3 419842,,UN,"$3,799",$0,,,,,
,,LG AUTOMATICO 1X6A 6KA CURVA C RX3 419837,,UN,"$128,675",$0,,,,,
,,LG INTERRUPTOR DIFERENCIAL 2X25A 30MA HPI 411590,,UN,"$20,263",$0,,,,,
,,LG INTERRUPTOR DIFERENCIAL 2X25A 30MA RX3 402024,,UN,"$5,925",$0,,,,,
,,LG INTERRUPTOR DIFERENCIAL 2X40A 30MA HPI 411590,,UN,$761,$0,,,,,
,,LX TABLERO METAL 1 PUERTA 300X200X150 IP65,,UN,"$181,748",$0,,,,,
,,LX TABLERO METAL 1 PUERTA 300X300X200 IP65,,UN,"$230,324",$0,,,,,
,,LX TABLERO METAL 1 PUERTA 400X300X200 IP65,,UN,"$106,564",$0,,,,,
,,LX TABLERO METAL 1 PUERTA 500X400X200 IP65,,UN,"$98,884",$0,,,,,
,,LX TABLERO METAL 1 PUERTA 600X400X200 IP65,,UN,"$150,758",$0,,,,,
,,LX TABLERO METAL 1 PUERTA 800X600X200 IP65,,UN,"$129,014",$0,,,,,
,,MODULO C19,,UN,"$60,508",$0,,,,,
,,MODULO C20,,UN,"$269,254",$0,,,,,
,,MODULOS MAGIC 5100,,UN,"$448,858",$0,,,,,
,,MODULOS NORMAL 5113,,UN,"$588,273",$0,,,,,
,,MONTAJE DE TABLERO,,UN,"$1,836,044",$0,,,,,
,,PDU 12 MODULOS 5113,,UN,"$1,503,396",$0,,,,,
,,POSTE MAS TABLERO MAS RED ELECTRICA Y EMPALME,,UN,"$1,536,460",$0,,,,,
,,RED ELECTRICA POSTE,,UN,"$1,120,054",$0,,,,,
,,RIEL DIN,,UN,"$121,334",$0,,,,,
,,RIEL DIN 1,,UN,"$46,633",$0,,,,,
,,TABLERO,,UN,"$1,473",$0,,,,,
,,TABLERO ELECTRICO ELECTRICO SOBRE PUESTO 36 P,,UN,"$15,598",$0,,,,,
,,TABLERO ELECTRICO ELECTRICO SOBRE PUESTO 6 P,,UN,"$1,548",$0,,,,,
,,TERMINAL CONICO AMARRILLO 12-10AWG,,UN,"$23,521",$0,,,,,
,,TERMINAL FERRUL 2.5MM X 100 GRIS,,UN,"$23,521",$0,,,,,
,,TK TERMINAL FERRUL 2.5MM X 100 UD,,UN,"$2,998",$0,,,,,
,,TX KIT RIELES 19 UPS WINPRO,,UN,"$10,248",$0,,,,,
,,TX TARJETA SNMP UPS ONLINE WINPRO,,UN,"$901,060",$0,,,,,
,,TX UPS INTERACTIVA TORRE 1KVA VEST-1K,,UN,"$350,000",$0,,,,,
,,TX UPS INTERACTIVA TORRE 2KVA VEST-2K,,,,$0,,,,,
,,TX UPS INTERACTIVA TORRE MONO 1.5KVA VEST-1.5K,,,,$0,,,,,
,,TX UPS INTERACTIVA TORRE MONO 600VA APEX-600VA,,,,$0,,,,,
,,TX UPS ONLINE TORRE 10KVA WINPRO-10K,,,,$0,,,,,
,,TX UPS ONLINE TORRE 6KVA WINPRO-6K,,,,$0,,,,,
,,,,,,$0,,,,,
,,,,,,$0,,,,,
,,,,,,$0,,,,,
,,,,,,$0,,,,,
,,,,,,$0,,,,,
,,,,,,$0,,,,,
,,,,,,$0,,,,,
,,,,,,$0,,,,,
,,,,,,$0,,,,,
,,,,,,$0,,,,,
,,,,,,$0,,,,,
,F.O,,,,,,,,,,
,,ALCOHOL + TOALLITAS,,MTS,"$48,340",$0,,,,,
,,BANDEROLA FO,,UN,"$53,924",$0,,,,,
,,CABECERA 1 U 72F,,UN,"$108,554",$0,,,,,
,,CABECERA 2 U 144 F,,UN,"$75,000",$0,,,,,
,,CABECERA DESLIZABLE CON COPLAS SF+CASSET,,UN,"$9,500",$0,,,,,
,,CABECERA MURAL SC,,UN,"$5,745",$0,,,,,
,,CABLE F.O EXT SM 24 F,,UN,"$6,000",$0,,,,,
,,CABLE F.O EXT SM 6 F,,UN,"$6,214",$0,,,,,
,,CABLE F.O INT AQUA 6 F,,UN,"$6,542",$0,,,,,
,,CABLE F.O OM1 NARANJA,,UN,"$4,065",$0,,,,,
,,CASSET PARA ROTULAR,,UN,"$6,214",$0,,,,,
,,CASSET PORTA EMPALME 12 F,,UN,"$3,085",$0,,,,,
,,CASSET PORTA EMPALME 24 F,,UN,"$2,985",$0,,,,,
,,CHASIS CONVERT 14 SLOT,,UN,"$25,000",$0,,,,,
,,FIBRA OPTICA OM3 INT 6 F,,UN,"$116,000",$0,,,,,
,,FIBRA OPTICA SM 6 F EXTERIOR + INSTALACION + FERRETERIA,,UN,"$255,854",$0,,,,,
,,FUSION FO CABECERA,,UN,"$15,854",$0,,,,,
,,FUSION FO MUFA,,UN,"$9,000",$0,,,,,
,,JUMPER DUPLEX OM3 LC-LC 1 MTS,,UN,"$9,000",$0,,,,,
,,JUMPER DUPLEX OM3 LC-LC 2 MTS,,UN,"$30,000",$0,,,,,
,,JUMPER DUPLEX OM3 LC-SC 5 MTS,,MTS,"$2,700",$0,,,,,
,,JUMPER DUPLEX SM LC-FC 2 MTS,,,,$0,,,,,
,,JUMPER DUPLEX SM LC-LC 1 MTS PIGTAIL X 12,,,,$0,,,,,
,,JUMPER DUPLEX SM LC-LC 2 MTS CRUZADA,,,,$0,,,,,
,,JUMPER DUPLEX SM LC-LC 2 MTS PIGTAIL,,,,$0,,,,,
,,JUMPER DUPLEX SM LC-SC 3 MTS,,,,$0,,,,,
,,JUMPER DUPLEX SM SC-SC 2 MTS,,,,$0,,,,,
,,MANGUITO TERMO FUSION 40MM 50 UNI,,,,$0,,,,,
,,MANGUITO TERMO FUSION 60MM 50 UNI,,,,$0,,,,,
,,MEDIA CONVER MAS MODULO SFP SM,,,,$0,,,,,
,,MINI PLACAS OM3 LC 12 GUIAS,,,,$0,,,,,
,,MINI PLACAS SM LC 12 GUIAS,,,,$0,,,,,
,,MINI PLACAS SM SC 12 GUIAS,,,,$0,,,,,
,,MODULO SFP MM CUDY 550M 1.25G DUPLEX,,,,$0,,,,,
,,MODULO SFP MM UBIQUITI 550M 1.G DUPLEX,,,,$0,,,,,
,,MODULO SFP SM,,,,$0,,,,,
,,MODULO SFP SM CUDY 20K 1.25G DUPLEX,,,,$0,,,,,
,,MUFA,,,,$0,,,,,
,,MUFA DOMO 144 F VERTICAL,,,,$0,,,,,
,,MUFA DOMO 48 F VERTICAL,,,,$0,,,,,
,,TAPAS CIEGAS CABECERAS,,,,$0,,,,,
,,TOALLITAS CAJAS,,,,$0,,,,,
,,UNIFI SFP+DIRECT ATTACH COPPER CABLE 10 GB 1 MT,,,,$0,,,,,
,,UNIFI SFP+DIRECT ATTACH COPPER CABLE 10 GB 2 MT,,,,$0,,,,,
,,,,,,$0,,,,,
,,,,,,$0,,,,,
,,,,,,$0,,,,,
,,,,,,$0,,,,,
,,,,,,$0,,,,,
,,,,,,$0,,,,,
,,,,,,$0,,,,,
,,,,,,$0,,,,,
,AIRE ACONDICIONADO,Aire Acondicionado 18.000 BUT,,UN,"$1,000,000",$0,,,,,
,FERRETERIA,ADHESIVO MONTAJE,,ROLLO,"$80,000",$0,,,,,
,,ALAMBRE ACERADO – 1.5 MM,,MTS,"$1,000",$0,,,,,
,,AMARRAS PLASTICAS 100 UN,,UN,"$680,000",$0,,,,,
,,CADENA,,UN,"$380,000",$0,,,,,
,,CANCAMO LARGO TUERCA,,UN,"$290,000",$0,,,,,
,,CINTA DE GOMA,,UN,"$3,200",$0,,,,,
,,CINTA DE PELIGRO,,UN,"$500,000",$0,,,,,
,,CINTA MASKEY,,UN,"$450,000",$0,,,,,
,,CINTA PARED GRUESA,,MES,"$800,000",$0,,,,,
,,CORCHETERA,,UN,"$400,000",$0,,,,,
,,CORCHETES,,ROLLO,,$0,,,,,
,,ESPIRAL DE CABLES,,UN,"$1,500",$0,,,,,
,,GOLILLA 5/16,,un,"$3,000",$0,,,,,
,,GOLILLA PLANA 3/8 ZN.,,UN,"$2,100",$0,,,,,
,,GOLILLAS,,UN,"$6,000",$0,,,,,
,,GRAMPAS X 25,,UN,"$50,000",$0,,,,,
,,HILO 3/8*3000 ZN.,,UN,"$10,000",$0,,,,,
,,HINCHA AISLADORA,,UN,"$1,500",$0,,,,,
,,KIT DE LIMPIEZA LIQUIDO + PAÑOS,,UN,"$21,521",$0,,,,,
,,NO MAS CLAVO,,UN,"$14,522",$0,,,,,
,,PASTA MURO,,UN,"$2,500",$0,,,,,
,,PEGAMENTO,,UN,"$3,841",$0,,,,,
,,PERNO COCHE 1/4*5/8 ZN.,,UN,"$2,500",$0,,,,,
,,PERNOS DE ANCLAJE 5/16 18*3 3 3/16,,UN,"$5,000",$0,,,,,
,,PERNOS O TRONILLOS ESPECIALES,,UN,"$15,000",$0,,,,,
,,RIEL 42*42*1.9*3000 ZN.,,UN,"$13,254",$0,,,,,
,,SILICONA TRANSPARENTE VIDRIOS,,UN,"$5,624",$0,,,,,
,,SILICONA VEHICULO,,UN,"$5,624",$0,,,,,
,,TACO ANCLAJE 3/8 TARUGO BANDEJA,,UN,"$1,889",$0,,,,,
,,TARUGO 8 MM,,UN,"$14,079",$0,,,,,
,,TARUGOS 6MM X 100,,UN,"$2,212",$0,,,,,
,,TARUGOS PALOMA,,UN,"$3,300",$0,,,,,
,,TENSORES,,UN,"$1,100",$0,,,,,
,,TIRA FONDO,,UN,$30,$0,,,,,
,,TK AMARRA CABLE NEGRO 4.8X300MM X 100 PCS,,UN,$20,$0,,,,,
,,TORNILLOS 6MM,,UN,$400,$0,,,,,
,,TORNILLOS AUTOPERFORANTE 1/2``,,UN,"$4,000",$0,,,,,
,,TORNILLOS AUTOPERFORANTE 1/2`` LENTEJAS LARGOS,,UN,"$3,000",$0,,,,,
,,TORNILLOS AUTOPERFORANTE 1``,,UN,"$4,000",$0,,,,,
,,TORNILLOS AUTOPERFORANTE 1`` LENTEJAS CORTOS,,UN,"$3,000",$0,,,,,
,,TORNILLOS AUTOPERFORANTE 1``HEXAGONAL,,UN,"$2,100",$0,,,,,
,,TUERCA HEX. 1/4 ZN.,,UN,"$2,500",$0,,,,,
,,TUERCA HEX. 3/8 ZN.,,UN,"$3,000",$0,,,,,
,,TUERCA HEXA 1/4,,UN,"$15,000",$0,,,,,
,,TUERCA HEXA 3/8,,UN,"$39,690",$0,,,,,
,,TUERCA R/42 3/8 C/RESORTE ZN.,,UN,"$1,200",$0,,,,,
,,TUERCAS,,,,$0,,,,,
,,UNIÓN GRAPA CON PERNO,,,,$0,,,,,
,,UNIÓN RAPIDA ALTURA 50 Y 100MM - ZINCADA,,,,$0,,,,,
,,VARILLA ROSCADA M10X3000,,,,$0,,,,,
,,VASELINA,,,,$0,,,,,
,,VELCRO 22 MTS,,,,$0,,,,,
,,,,,,$0,,,,,
,,,,,,$0,,,,,
,,,,,,$0,,,,,
,,,,,,$0,,,,,
,,,,,,$0,,,,,
,,,,,,$0,,,,,
,,,,,,$0,,,,,
,,,,,,$0,,,,,
,,,,,,$0,,,,,
,,,,,,$0,,,,,
,,,,,,$0,,,,,
,,,,,,$0,,,,,
,,,,,,$0,,,,,
,,,,,,$0,,,,,
,,,,,,$0,,,,,
,,,,,,$0,,,,,
,,,,,,$0,,,,,
,,,,,,$0,,,,,
,,,,,,$0,,,,,
,,,,,,$0,,,,,
,POSTACION,Hilite de 12mts en 4mm espesor,,UN,"$825,000",$0,,,,,
,,perfil metalico,,un,"$350,000",$0,,,,,
,,estructura para antenas,,UN,"$200,000",$0,,,,,
,,Dado de hormigon con materiales e instalacion,,UN,"$150,000",$0,,,,,
,,Canastillo 7/8,,UN,"$57,288",$0,,,,,
,,Montaje de poste,,UN,"$300,000",$0,,,,,
,,montaje de tablero,,UN,"$665,000",$0,,,,,
,,camion por montaje de poste + tablero + antenas,,UN,"$400,000",$0,,,,,
,,Traslado poste,,UN,"$200,000",$0,,,,,
,,EMPALME ELECTRICOS,,UN,"$450,000",$0,,,,,
,,cto para otros postes,,UN,"$150,000",$0,,,,,
,,cto tableros,,UN,"$45,000",$0,,,,,
,,,,,,$0,,,,,
,,,,,,$0,,,,,
,,,,,,$0,,,,,
,,,,,,$0,,,,,
,,,,,,$0,,,,,
,,,,,,$0,,,,,
,,,,,,$0,,,,,
,,,,,,$0,,,,,
,,,,,,$0,,,,,
,,,,,,$0,,,,,
,,,,,,$0,,,,,
,,,,,,$0,,,,,
,,,,,,$0,,,,,
,,,,,,$0,,,,,
,,,,,,$0,,,,,
,HERRAMIENTAS,CINTA DE GOMA,,UN,"$3,500",$0,,,,,
,,DISCO CORTE,,UN,"$2,500",$0,,,,,
,,HOJAS SIERRA,,UN,"$3,200",$0,,,,,
,,LIMA,,UN,"$6,000",$0,,,,,
,,LIJA,,UN,$500,$0,,,,,
,,SILICONA TRANSPARENTE VIDRIOS,,UN,"$3,000",$0,,,,,
,,LLAVE PARA TUERAS ,,UN,"$3,000",$0,,,,,
,,ESPUMA EXPANDIBLE,,UN,"$16,000",$0,,,,,
,,PLUMON PERMANENTE,,UN,"$1,500",$0,,,,,
,,PUNTAS PHILLIS,,UN,"$4,000",$0,,,,,
,,PINTURA AMARILLAS Y NEGRA,,UN,"$15,000",$0,,,,,
,,ANDAMIOS,,UN,"$250,000",$0,,,,,
,,GUANTES,,UN,"$3,000",$0,,,,,
,,ANTIPARRAS,,UN,"$3,000",$0,,,,,
,,MASCARILLAS 20 UN,,UN,"$5,000",$0,,,,,
,,PROTECTOR AUDITIVOS 2OREJAS MAS GOMAS,,UN,"$3,500",$0,,,,,
,,"ESCALAS TIJERAS 2,40MTS",,UN,"$140,000",$0,,,,,
,,TALADROS PERCUTOR ,,UN,"$200,000",$0,,,,,
,,EXTENCION (CABLE-MODULOS-ENCHUFE),,MTS,"$1,000",$0,,,,,
,,LAUCHA PLASTICA 9 MTS,,UN,"$30,000",$0,,,,,
,,BROCA 25MM CONCRETO / PASADA MURO,,UN,"$40,000",$0,,,,,
,,ANDAMIOS,,,,$0,,,,,
,,,,,,$0,,,,,
,,,,,,$0,,,,,
,,,,,,$0,,,,,
,,,,,,$0,,,,,
,,,,,,$0,,,,,
,,,,,,$0,,,,,
,,,,,,$0,,,,,
,,,,,,$0,,,,,
,,,,,,$0,,,,,
,,,,,,$0,,,,,
,,,,,,$0,,,,,
,,,,,,$0,,,,,
,,,,,,$0,,,,,
,,,,,,$0,,,,,
,,,,,,$0,,,,,
,,,,,,$0,,,,,
,,,,,,$0,,,,,
,,,,,,$0,,,,,
,,,,,,$0,,,,,
,,,,,,$0,,,,,
,,,,,,$0,,,,,
,,,,,,$0,,,,,
,,,,,,$0,,,,,
,,,,,,$0,,,,,
,,,,,,$0,,,,,
,,,,,,$0,,,,,
,,,,,,$0,,,,,
,,,,,,$0,,,,,
,,,,,,,,,,,
,,,,,,,,,,,
,,,,,,,,,,,
,,,,,,,,,,,
,,,,,,,,,,,
,,,,,,,,,,,
,,,,,,,,,,,
,,,,,,,,,,,
,,,,,,,,,,,
,,,,,,,,,,,
,,,,,,,,,,,
,,,,,,,,,,,
,,,,,,,,,,,
,,,,,,,,,,,
,,,,,,,,,,,
,,,,,,,,,,,
,,,,,,,,,,,
,,,,,,,,,,,
,,,,,,,,,,,
,,,,,,,,,,,
,,,,,,,,,,,
,,,,,,,,,,,
,,,,,,,,,,,
,,,,,,,,,,,
,,,,,,,,,,,
,,,,,,,,,,,
,,,,,,,,,,,
,,,,,,,,,,,
,,,,,,,,,,,
,,,,,,,,,,,
,,,,,,,,,,,
,,,,,,,,,,,
,,,,,,,,,,,
,,,,,,,,,,,
,,,,,,,,,,,
,,,,,,,,,,,
,,,,,,,,,,,
,,,,,,,,,,,
,,,,,,,,,,,
,,,,,,,,,,,
,,,,,,,,,,,
,,,,,,,,,,,
,,,,,,,,,,,
,,,,,,,,,,,
,,,,,,,,,,,
,,,,,,,,,,,
,,,,,,,,,,,
,,,,,,,,,,,
,,,,,,,,,,,
,,,,,,,,,,,
,,,,,,,,,,,
,,,,,,,,,,,
,,,,,,,,,,,
,,,,,,,,,,,
,,,,,,,,,,,
,,,,,,,,,,,
,,,,,,,,,,,
,,,,,,,,,,,
,,,,,,,,,,,
,,,,,,,,,,,
,,,,,,,,,,,
,,,,,,,,,,,
,,,,,,,,,,,
,,,,,,,,,,,
,,,,,,,,,,,
,,,,,,,,,,,
,,,,,,,,,,,
,,,,,,,,,,,
,,,,,,,,,,,
,,,,,,,,,,,
,,,,,,,,,,,
,,,,,,,,,,,
,,,,,,,,,,,
,,,,,,,,,,,
,,,,,,,,,,,
,,,,,,,,,,,
,,,,,,,,,,,
,,,,,,,,,,,
,,,,,,,,,,,
,,,,,,,,,,,
,,,,,,,,,,,
,,,,,,,,,,,
,,,,,,,,,,,
,,,,,,,,,,,
,,,,,,,,,,,
,,,,,,,,,,,
,,,,,,,,,,,
,,,,,,,,,,,
,,,,,,,,,,,
,,,,,,,,,,,
,,,,,,,,,,,
,,,,,,,,,,,
,,,,,,,,,,,
,,,,,,,,,,,
,,,,,,,,,,,
,,,,,,,,,,,
,,,,,,,,,,,
,,,,,,,,,,,
,,,,,,,,,,,
,,,,,,,,,,,
,,,,,,,,,,,
,,,,,,,,,,,
,,,,,,,,,,,
,,,,,,,,,,,
,,,,,,,,,,,
,,,,,,,,,,,
,,,,,,,,,,,
,,,,,,,,,,,
,,,,,,,,,,,
,,,,,,,,,,,
,,,,,,,,,,,
,,,,,,,,,,,
,,,,,,,,,,,
,,,,,,,,,,,
,,,,,,,,,,,
,,,,,,,,,,,
,,,,,,,,,,,
,,,,,,,,,,,
,,,,,,,,,,,
,,,,,,,,,,,
,,,,,,,,,,,
,,,,,,,,,,,
,,,,,,,,,,,
,,,,,,,,,,,
,,,,,,,,,,,
,,,,,,,,,,,
,,,,,,,,,,,
,,,,,,,,,,,
,,,,,,,,,,,
,,,,,,,,,,,
,,,,,,,,,,,
,,,,,,,,,,,
,,,,,,,,,,,
,,,,,,,,,,,
,,,,,,,,,,,
,,,,,,,,,,,
,,,,,,,,,,,
,,,,,,,,,,,
,,,,,,,,,,,
,,,,,,,,,,,
,,,,,,,,,,,
,,,,,,,,,,,
,,,,,,,,,,,
,,,,,,,,,,,
,,,,,,,,,,,
,,,,,,,,,,,
,,,,,,,,,,,
,,,,,,,,,,,
,,,,,,,,,,,
,,,,,,,,,,,
,,,,,,,,,,,
,,,,,,,,,,,
,,,,,,,,,,,
,,,,,,,,,,,
,,,,,,,,,,,
,,,,,,,,,,,
,,,,,,,,,,,
,,,,,,,,,,,
,,,,,,,,,,,
,,,,,,,,,,,
,,,,,,,,,,,
,,,,,,,,,,,
,,,,,,,,,,,
,,,,,,,,,,,
,,,,,,,,,,,
,,,,,,,,,,,
,,,,,,,,,,,
,,,,,,,,,,,
,,,,,,,,,,,
,,,,,,,,,,,
,,,,,,,,,,,
,,,,,,,,,,,
,,,,,,,,,,,
,,,,,,,,,,,
,,,,,,,,,,,
,,,,,,,,,,,
,,,,,,,,,,,
,,,,,,,,,,,
,,,,,,,,,,,
,,,,,,,,,,,
,,,,,,,,,,,
,,,,,,,,,,,
,,,,,,,,,,,
,,,,,,,,,,,
,,,,,,,,,,,
,,,,,,,,,,,
,,,,,,,,,,,
,,,,,,,,,,,
,,,,,,,,,,,
,,,,,,,,,,,
,,,,,,,,,,,
,,,,,,,,,,,
,,,,,,,,,,,
,,,,,,,,,,,
,,,,,,,,,,,
,,,,,,,,,,,
,,,,,,,,,,,
,,,,,,,,,,,
,,,,,,,,,,,
,,,,,,,,,,,
,,,,,,,,,,,
,,,,,,,,,,,
,,,,,,,,,,,
,,,,,,,,,,,
,,,,,,,,,,,
,,,,,,,,,,,
,,,,,,,,,,,
,,,,,,,,,,,
,,,,,,,,,,,
,,,,,,,,,,,
,,,,,,,,,,,
,,,,,,,,,,,
,,,,,,,,,,,
,,,,,,,,,,,
,,,,,,,,,,,
,,,,,,,,,,,
,,,,,,,,,,,
,,,,,,,,,,,
,,,,,,,,,,,
,,,,,,,,,,,
,,,,,,,,,,,
,,,,,,,,,,,
,,,,,,,,,,,
,,,,,,,,,,,
,,,,,,,,,,,
,,,,,,,,,,,
,,,,,,,,,,,
,,,,,,,,,,,
,,,,,,,,,,,
,,,,,,,,,,,
,,,,,,,,,,,
,,,,,,,,,,,
,,,,,,,,,,,
,,,,,,,,,,,
,,,,,,,,,,,
,,,,,,,,,,,
,,,,,,,,,,,
,,,,,,,,,,,
,,,,,,,,,,,
,,,,,,,,,,,
,,,,,,,,,,,
,,,,,,,,,,,
,,,,,,,,,,,
,,,,,,,,,,,
,,,,,,,,,,,
,,,,,,,,,,,
,,,,,,,,,,,
,,,,,,,,,,,
,,,,,,,,,,,
,,,,,,,,,,,
,,,,,,,,,,,
,,,,,,,,,,,
,,,,,,,,,,,
,,,,,,,,,,,
,,,,,,,,,,,
,,,,,,,,,,,
,,,,,,,,,,,
,,,,,,,,,,,
,,,,,,,,,,,
,,,,,,,,,,,
,,,,,,,,,,,
,,,,,,,,,,,
,,,,,,,,,,,
,,,,,,,,,,,
,,,,,,,,,,,
,,,,,,,,,,,
,,,,,,,,,,,
,,,,,,,,,,,
,,,,,,,,,,,
,,,,,,,,,,,
,,,,,,,,,,,
,,,,,,,,,,,
,,,,,,,,,,,
,,,,,,,,,,,
,,,,,,,,,,,
,,,,,,,,,,,
,,,,,,,,,,,
,,,,,,,,,,,
,,,,,,,,,,,
,,,,,,,,,,,
,,,,,,,,,,,
,,,,,,,,,,,
,,,,,,,,,,,
,,,,,,,,,,,
,,,,,,,,,,,
,,,,,,,,,,,
,,,,,,,,,,,
,,,,,,,,,,,
,,,,,,,,,,,
,,,,,,,,,,,
,,,,,,,,,,,
,,,,,,,,,,,
,,,,,,,,,,,
,,,,,,,,,,,
,,,,,,,,,,,
,,,,,,,,,,,
,,,,,,,,,,,
,,,,,,,,,,,
,,,,,,,,,,,
,,,,,,,,,,,
,,,,,,,,,,,
,,,,,,,,,,,
,,,,,,,,,,,
,,,,,,,,,,,
,,,,,,,,,,,
,,,,,,,,,,,
,,,,,,,,,,,
,,,,,,,,,,,
,,,,,,,,,,,
,,,,,,,,,,,
,,,,,,,,,,,
,,,,,,,,,,,
,,,,,,,,,,,
,,,,,,,,,,,
,,,,,,,,,,,
,,,,,,,,,,,
,,,,,,,,,,,
,,,,,,,,,,,
,,,,,,,,,,,
,,,,,,,,,,,
,,,,,,,,,,,
,,,,,,,,,,,
,,,,,,,,,,,
,,,,,,,,,,,
,,,,,,,,,,,
,,,,,,,,,,,
,,,,,,,,,,,
,,,,,,,,,,,
,,,,,,,,,,,
,,,,,,,,,,,
,,,,,,,,,,,
,,,,,,,,,,,
,,,,,,,,,,,
,,,,,,,,,,,
,,,,,,,,,,,
,,,,,,,,,,,
,,,,,,,,,,,
,,,,,,,,,,,
,,,,,,,,,,,
,,,,,,,,,,,
,,,,,,,,,,,
,,,,,,,,,,,
,,,,,,,,,,,
,,,,,,,,,,,
,,,,,,,,,,,
,,,,,,,,,,,
,,,,,,,,,,,
,,,,,,,,,,,
,,,,,,,,,,,
,,,,,,,,,,,
,,,,,,,,,,,
,,,,,,,,,,,
,,,,,,,,,,,
,,,,,,,,,,,
,,,,,,,,,,,
,,,,,,,,,,,
,,,,,,,,,,,
,,,,,,,,,,,
,,,,,,,,,,,
,,,,,,,,,,,
,,,,,,,,,,,
,,,,,,,,,,,
,,,,,,,,,,,
,,,,,,,,,,,
,,,,,,,,,,,
,,,,,,,,,,,
,,,,,,,,,,,
,,,,,,,,,,,
,,,,,,,,,,,
,,,,,,,,,,,
,,,,,,,,,,,
,,,,,,,,,,,
,,,,,,,,,,,
,,,,,,,,,,,
,,,,,,,,,,,
,,,,,,,,,,,
,,,,,,,,,,,
,,,,,,,,,,,
,,,,,,,,,,,
,,,,,,,,,,,
,,,,,,,,,,,
,,,,,,,,,,,
,,,,,,,,,,,
,,,,,,,,,,,
,,,,,,,,,,,
,,,,,,,,,,,
,,,,,,,,,,,
,,,,,,,,,,,
,,,,,,,,,,,
,,,,,,,,,,,
,,,,,,,,,,,
,,,,,,,,,,,
,,,,,,,,,,,
,,,,,,,,,,,
,,,,,,,,,,,
,,,,,,,,,,,
,,,,,,,,,,,
,,,,,,,,,,,
,,,,,,,,,,,
,,,,,,,,,,,
,,,,,,,,,,,
,,,,,,,,,,,
,,,,,,,,,,,
,,,,,,,,,,,
,,,,,,,,,,,
,,,,,,,,,,,
,,,,,,,,,,,
,,,,,,,,,,,
,,,,,,,,,,,
,,,,,,,,,,,
,,,,,,,,,,,
,,,,,,,,,,,
,,,,,,,,,,,
,,,,,,,,,,,
,,,,,,,,,,,
,,,,,,,,,,,
,,,,,,,,,,,
,,,,,,,,,,,
,,,,,,,,,,,
,,,,,,,,,,,
,,,,,,,,,,,
,,,,,,,,,,,
,,,,,,,,,,,
,,,,,,,,,,,
,,,,,,,,,,,
,,,,,,,,,,,
,,,,,,,,,,,
,,,,,,,,,,,
,,,,,,,,,,,
,,,,,,,,,,,
,,,,,,,,,,,
,,,,,,,,,,,
,,,,,,,,,,,
,,,,,,,,,,,
,,,,,,,,,,,
,,,,,,,,,,,
,,,,,,,,,,,
,,,,,,,,,,,
,,,,,,,,,,,
,,,,,,,,,,,
,,,,,,,,,,,
,,,,,,,,,,,
,,,,,,,,,,,
,,,,,,,,,,,
,,,,,,,,,,,
,,,,,,,,,,,
,,,,,,,,,,,
,,,,,,,,,,,
,,,,,,,,,,,
,,,,,,,,,,,
,,,,,,,,,,,
,,,,,,,,,,,
,,,,,,,,,,,
,,,,,,,,,,,
,,,,,,,,,,,
,,,,,,,,,,,
,,,,,,,,,,,
,,,,,,,,,,,
,,,,,,,,,,,
,,,,,,,,,,,
,,,,,,,,,,,
,,,,,,,,,,,
,,,,,,,,,,,
,,,,,,,,,,,
,,,,,,,,,,,
,,,,,,,,,,,
,,,,,,,,,,,
,,,,,,,,,,,
,,,,,,,,,,,
,,,,,,,,,,,
,,,,,,,,,,,
,,,,,,,,,,,
,,,,,,,,,,,
,,,,,,,,,,,
,,,,,,,,,,,
,,,,,,,,,,,
,,,,,,,,,,,
,,,,,,,,,,,
,,,,,,,,,,,
,,,,,,,,,,,
,,,,,,,,,,,
,,,,,,,,,,,
,,,,,,,,,,,
,,,,,,,,,,,
,,,,,,,,,,,
,,,,,,,,,,,
,,,,,,,,,,,
,,,,,,,,,,,
,,,,,,,,,,,
,,,,,,,,,,,
,,,,,,,,,,,
,,,,,,,,,,,
,,,,,,,,,,,
,,,,,,,,,,,
,,,,,,,,,,,
,,,,,,,,,,,
,,,,,,,,,,,
,,,,,,,,,,,
,,,,,,,,,,,
,,,,,,,,,,,
,,,,,,,,,,,
,,,,,,,,,,,
,,,,,,,,,,,
,,,,,,,,,,,
,,,,,,,,,,,
,,,,,,,,,,,
,,,,,,,,,,,
,,,,,,,,,,,
,,,,,,,,,,,
,,,,,,,,,,,
,,,,,,,,,,,
,,,,,,,,,,,
,,,,,,,,,,,
,,,,,,,,,,,
,,,,,,,,,,,
,,,,,,,,,,,
,,,,,,,,,,,
,,,,,,,,,,,
,,,,,,,,,,,
,,,,,,,,,,,
,,,,,,,,,,,
,,,,,,,,,,,
,,,,,,,,,,,
,,,,,,,,,,,
,,,,,,,,,,,
,,,,,,,,,,,
,,,,,,,,,,,
,,,,,,,,,,,
,,,,,,,,,,,
,,,,,,,,,,,
,,,,,,,,,,,
,,,,,,,,,,,
,,,,,,,,,,,
,,,,,,,,,,,
,,,,,,,,,,,
,,,,,,,,,,,
,,,,,,,,,,,
,,,,,,,,,,,
,,,,,,,,,,,
,,,,,,,,,,,
,,,,,,,,,,,
,,,,,,,,,,,
,,,,,,,,,,,
,,,,,,,,,,,
,,,,,,,,,,,
,,,,,,,,,,,
,,,,,,,,,,,
,,,,,,,,,,,
,,,,,,,,,,,
,,,,,,,,,,,
,,,,,,,,,,,
,,,,,,,,,,,
,,,,,,,,,,,
,,,,,,,,,,,
,,,,,,,,,,,
,,,,,,,,,,,
,,,,,,,,,,,
,,,,,,,,,,,
,,,,,,,,,,,
,,,,,,,,,,,
,,,,,,,,,,,
,,,,,,,,,,,
,,,,,,,,,,,
,,,,,,,,,,,
,,,,,,,,,,,
,,,,,,,,,,,
,,,,,,,,,,,
,,,,,,,,,,,
,,,,,,,,,,,
,,,,,,,,,,,
,,,,,,,,,,,
,,,,,,,,,,,
,,,,,,,,,,,
,,,,,,,,,,,
,,,,,,,,,,,
,,,,,,,,,,,
,,,,,,,,,,,
,,,,,,,,,,,
,,,,,,,,,,,
,,,,,,,,,,,
,,,,,,,,,,,
,,,,,,,,,,,
,,,,,,,,,,,
,,,,,,,,,,,
,,,,,,,,,,,
,,,,,,,,,,,
,,,,,,,,,,,
,,,,,,,,,,,
,,,,,,,,,,,
,,,,,,,,,,,
,,,,,,,,,,,
,,,,,,,,,,,
,,,,,,,,,,,
,,,,,,,,,,,
,,,,,,,,,,,
,,,,,,,,,,,
,,,,,,,,,,,
,,,,,,,,,,,
,,,,,,,,,,,
,,,,,,,,,,,
,,,,,,,,,,,
,,,,,,,,,,,
,,,,,,,,,,,
,,,,,,,,,,,
,,,,,,,,,,,
,,,,,,,,,,,
,,,,,,,,,,,
,,,,,,,,,,,
,,,,,,,,,,,
,,,,,,,,,,,
,,,,,,,,,,,
,,,,,,,,,,,
,,,,,,,,,,,
,,,,,,,,,,,
,,,,,,,,,,,
,,,,,,,,,,,
,,,,,,,,,,,
,,,,,,,,,,,
,,,,,,,,,,,
,,,,,,,,,,,
,,,,,,,,,,,
,,,,,,,,,,,
,,,,,,,,,,,
,,,,,,,,,,,
,,,,,,,,,,,
,,,,,,,,,,,
,,,,,,,,,,,
,,,,,,,,,,,
,,,,,,,,,,,
,,,,,,,,,,,
,,,,,,,,,,,
,,,,,,,,,,,
,,,,,,,,,,,
,,,,,,,,,,,
,,,,,,,,,,,
,,,,,,,,,,,
,,,,,,,,,,,
,,,,,,,,,,,
,,,,,,,,,,,
,,,,,,,,,,,
,,,,,,,,,,,
,,,,,,,,,,,
,,,,,,,,,,,
,,,,,,,,,,,
,,,,,,,,,,,
,,,,,,,,,,,
,,,,,,,,,,,
,,,,,,,,,,,
,,,,,,,,,,,
,,,,,,,,,,,
,,,,,,,,,,,
,,,,,,,,,,,
,,,,,,,,,,,
,,,,,,,,,,,
,,,,,,,,,,,
,,,,,,,,,,,
,,,,,,,,,,,
,,,,,,,,,,,
,,,,,,,,,,,
,,,,,,,,,,,
,,,,,,,,,,,
,,,,,,,,,,,
,,,,,,,,,,,
,,,,,,,,,,,
,,,,,,,,,,,
,,,,,,,,,,,
,,,,,,,,,,,
,,,,,,,,,,,
,,,,,,,,,,,
,,,,,,,,,,,
,,,,,,,,,,,
,,,,,,,,,,,
,,,,,,,,,,,
,,,,,,,,,,,
,,,,,,,,,,,
,,,,,,,,,,,
,,,,,,,,,,,
,,,,,,,,,,,
,,,,,,,,,,,
,,,,,,,,,,,
,,,,,,,,,,,
,,,,,,,,,,,
,,,,,,,,,,,
,,,,,,,,,,,
,,,,,,,,,,,
,,,,,,,,,,,
,,,,,,,,,,,
,,,,,,,,,,,
,,,,,,,,,,,
,,,,,,,,,,,
,,,,,,,,,,,
,,,,,,,,,,,
,,,,,,,,,,,
,,,,,,,,,,,
,,,,,,,,,,,
,,,,,,,,,,,
,,,,,,,,,,,
,,,,,,,,,,,
,,,,,,,,,,,
,,,,,,,,,,,
,,,,,,,,,,,
,,,,,,,,,,,
,,,,,,,,,,,
,,,,,,,,,,,
,,,,,,,,,,,
,,,,,,,,,,,
,,,,,,,,,,,
,,,,,,,,,,,
,,,,,,,,,,,
,,,,,,,,,,,
,,,,,,,,,,,
,,,,,,,,,,,
,,,,,,,,,,,
,,,,,,,,,,,
,,,,,,,,,,,
,,,,,,,,,,,
,,,,,,,,,,,
,,,,,,,,,,,
,,,,,,,,,,,
,,,,,,,,,,,
,,,,,,,,,,,
,,,,,,,,,,,
,,,,,,,,,,,
,,,,,,,,,,,
,,,,,,,,,,,
,,,,,,,,,,,
,,,,,,,,,,,
,,,,,,,,,,,
,,,,,,,,,,,
,,,,,,,,,,,
,,,,,,,,,,,
,,,,,,,,,,,
,,,,,,,,,,,
,,,,,,,,,,,
,,,,,,,,,,,
,,,,,,,,,,,
,,,,,,,,,,,
,,,,,,,,,,,
,,,,,,,,,,,
,,,,,,,,,,,
,,,,,,,,,,,
,,,,,,,,,,,
,,,,,,,,,,,
,,,,,,,,,,,
,,,,,,,,,,,
,,,,,,,,,,,
,,,,,,,,,,,
,,,,,,,,,,,
,,,,,,,,,,,
,,,,,,,,,,,
,,,,,,,,,,,
,,,,,,,,,,,
,,,,,,,,,,,
,,,,,,,,,,,
,,,,,,,,,,,
,,,,,,,,,,,
,,,,,,,,,,,
,,,,,,,,,,,
,,,,,,,,,,,
,,,,,,,,,,,
,,,,,,,,,,,
,,,,,,,,,,,
,,,,,,,,,,,
,,,,,,,,,,,
,,,,,,,,,,,
,,,,,,,,,,,
,,,,,,,,,,,
,,,,,,,,,,,
,,,,,,,,,,,
,,,,,,,,,,,
,,,,,,,,,,,
,,,,,,,,,,,
,,,,,,,,,,,
,,,,,,,,,,,
,,,,,,,,,,,
,,,,,,,,,,,
,,,,,,,,,,,
,,,,,,,,,,,
,,,,,,,,,,,
,,,,,,,,,,,
,,,,,,,,,,,
,,,,,,,,,,,
,,,,,,,,,,,
,,,,,,,,,,,
,,,,,,,,,,,
,,,,,,,,,,,
,,,,,,,,,,,
,,,,,,,,,,,
,,,,,,,,,,,
,,,,,,,,,,,
,,,,,,,,,,,
,,,,,,,,,,,
,,,,,,,,,,,
,,,,,,,,,,,
,,,,,,,,,,,
,,,,,,,,,,,
,,,,,,,,,,,
,,,,,,,,,,,
,,,,,,,,,,,
,,,,,,,,,,,
,,,,,,,,,,,
,,,,,,,,,,,
,,,,,,,,,,,
,,,,,,,,,,,
,,,,,,,,,,,
,,,,,,,,,,,
,,,,,,,,,,,
,,,,,,,,,,,
,,,,,,,,,,,
,,,,,,,,,,,
,,,,,,,,,,,
,,,,,,,,,,,
,,,,,,,,,,,
,,,,,,,,,,,
,,,,,,,,,,,
,,,,,,,,,,,
,,,,,,,,,,,
,,,,,,,,,,,
,,,,,,,,,,,
,,,,,,,,,,,
,,,,,,,,,,,
,,,,,,,,,,,
,,,,,,,,,,,
,,,,,,,,,,,
,,,,,,,,,,,
,,,,,,,,,,,
,,,,,,,,,,,
,,,,,,,,,,,
,,,,,,,,,,,
,,,,,,,,,,,
,,,,,,,,,,,
,,,,,,,,,,,
,,,,,,,,,,,
,,,,,,,,,,,
,,,,,,,,,,,
,,,,,,,,,,,
,,,,,,,,,,,
,,,,,,,,,,,
,,,,,,,,,,,
,,,,,,,,,,,
,,,,,,,,,,,
,,,,,,,,,,,
,,,,,,,,,,,
,,,,,,,,,,,
,,,,,,,,,,,
,,,,,,,,,,,
,,,,,,,,,,,
,,,,,,,,,,,
,,,,,,,,,,,
,,,,,,,,,,,
,,,,,,,,,,,
,,,,,,,,,,,
,,,,,,,,,,,
,,,,,,,,,,,
,,,,,,,,,,,
,,,,,,,,,,,
,,,,,,,,,,,
,,,,,,,,,,,
,,,,,,,,,,,
,,,,,,,,,,,
,,,,,,,,,,,
,,,,,,,,,,,
,,,,,,,,,,,
,,,,,,,,,,,
,,,,,,,,,,,
,,,,,,,,,,,
,,,,,,,,,,,
,,,,,,,,,,,
,,,,,,,,,,,
,,,,,,,,,,,
,,,,,,,,,,,
,,,,,,,,,,,
,,,,,,,,,,,
,,,,,,,,,,,
,,,,,,,,,,,
,,,,,,,,,,,
,,,,,,,,,,,
,,,,,,,,,,,
,,,,,,,,,,,
,,,,,,,,,,,
,,,,,,,,,,,
,,,,,,,,,,,
,,,,,,,,,,,
,,,,,,,,,,,
,,,,,,,,,,,
,,,,,,,,,,,
,,,,,,,,,,,
,,,,,,,,,,,
,,,,,,,,,,,
,,,,,,,,,,,
,,,,,,,,,,,
,,,,,,,,,,,
,,,,,,,,,,,
,,,,,,,,,,,
,,,,,,,,,,,
,,,,,,,,,,,
,,,,,,,,,,,
,,,,,,,,,,,
,,,,,,,,,,,
,,,,,,,,,,,
,,,,,,,,,,,
,,,,,,,,,,,
,,,,,,,,,,,
,,,,,,,,,,,
,,,,,,,,,,,
,,,,,,,,,,,
,,,,,,,,,,,
,,,,,,,,,,,
,,,,,,,,,,,
,,,,,,,,,,,
,,,,,,,,,,,
,,,,,,,,,,,
,,,,,,,,,,,
,,,,,,,,,,,
,,,,,,,,,,,
,,,,,,,,,,,
,,,,,,,,,,,
,,,,,,,,,,,
,,,,,,,,,,,
,,,,,,,,,,,
,,,,,,,,,,,
,,,,,,,,,,,
,,,,,,,,,,,
,,,,,,,,,,,
,,,,,,,,,,,
,,,,,,,,,,,
,,,,,,,,,,,
,,,,,,,,,,,
,,,,,,,,,,,
,,,,,,,,,,,
,,,,,,,,,,,
,,,,,,,,,,,
,,,,,,,,,,,
,,,,,,,,,,,
,,,,,,,,,,,
,,,,,,,,,,,
,,,,,,,,,,,
,,,,,,,,,,,
,,,,,,,,,,,
,,,,,,,,,,,
,,,,,,,,,,,
,,,,,,,,,,,
,,,,,,,,,,,
,,,,,,,,,,,
,,,,,,,,,,,
,,,,,,,,,,,
,,,,,,,,,,,
,,,,,,,,,,,
,,,,,,,,,,,
,,,,,,,,,,,
,,,,,,,,,,,
,,,,,,,,,,,
,,,,,,,,,,,
,,,,,,,,,,,
,,,,,,,,,,,
,,,,,,,,,,,
,,,,,,,,,,,
,,,,,,,,,,,
,,,,,,,,,,,
,,,,,,,,,,,
,,,,,,,,,,,
,,,,,,,,,,,
,,,,,,,,,,,
,,,,,,,,,,,
,,,,,,,,,,,
,,,,,,,,,,,
,,,,,,,,,,,
,,,,,,,,,,,
,,,,,,,,,,,
,,,,,,,,,,,
,,,,,,,,,,,
,,,,,,,,,,,
,,,,,,,,,,,
,,,,,,,,,,,
,,,,,,,,,,,
,,,,,,,,,,,
,,,,,,,,,,,
,,,,,,,,,,,
,,,,,,,,,,,
,,,,,,,,,,,
,,,,,,,,,,,
,,,,,,,,,,,
,,,,,,,,,,,
,,,,,,,,,,,
,,,,,,,,,,,
,,,,,,,,,,,
,,,,,,,,,,,
,,,,,,,,,,,
,,,,,,,,,,,
,,,,,,,,,,,
,,,,,,,,,,,
,,,,,,,,,,,
,,,,,,,,,,,
,,,,,,,,,,,
,,,,,,,,,,,
,,,,,,,,,,,
,,,,,,,,,,,
,,,,,,,,,,,
,,,,,,,,,,,
,,,,,,,,,,,
,,,,,,,,,,,
,,,,,,,,,,,
,,,,,,,,,,,
,,,,,,,,,,,
,,,,,,,,,,,
,,,,,,,,,,,
,,,,,,,,,,,
,,,,,,,,,,,
,,,,,,,,,,,
,,,,,,,,,,,
,,,,,,,,,,,
,,,,,,,,,,,
,,,,,,,,,,,
,,,,,,,,,,,
,,,,,,,,,,,
,,,,,,,,,,,
,,,,,,,,,,,
,,,,,,,,,,,
,,,,,,,,,,,
,,,,,,,,,,,
,,,,,,,,,,,
,,,,,,,,,,,
,,,,,,,,,,,
,,,,,,,,,,,
,,,,,,,,,,,
,,,,,,,,,,,
,,,,,,,,,,,
,,,,,,,,,,,
,,,,,,,,,,,
,,,,,,,,,,,
,,,,,,,,,,,
,,,,,,,,,,,
,,,,,,,,,,,
,,,,,,,,,,,
,,,,,,,,,,,
,,,,,,,,,,,
,,,,,,,,,,,
,,,,,,,,,,,
,,,,,,,,,,,
,,,,,,,,,,,
,,,,,,,,,,,
,,,,,,,,,,,
,,,,,,,,,,,
,,,,,,,,,,,
,,,,,,,,,,,
,,,,,,,,,,,
,,,,,,,,,,,
,,,,,,,,,,,
,,,,,,,,,,,
,,,,,,,,,,,
,,,,,,,,,,,
,,,,,,,,,,,
,,,,,,,,,,,
,,,,,,,,,,,
,,,,,,,,,,,
,,,,,,,,,,,
,,,,,,,,,,,
,,,,,,,,,,,
,,,,,,,,,,,
,,,,,,,,,,,
,,,,,,,,,,,
,,,,,,,,,,,
,,,,,,,,,,,
,,,,,,,,,,,
,,,,,,,,,,,
,,,,,,,,,,,
,,,,,,,,,,,
,,,,,,,,,,,
,,,,,,,,,,,
,,,,,,,,,,,
,,,,,,,,,,,
,,,,,,,,,,,
,,,,,,,,,,,
,,,,,,,,,,,
,,,,,,,,,,,
,,,,,,,,,,,
,,,,,,,,,,,
,,,,,,,,,,,
,,,,,,,,,,,
,,,,,,,,,,,
,,,,,,,,,,,
,,,,,,,,,,,
,,,,,,,,,,,
,,,,,,,,,,,
,,,,,,,,,,,
,,,,,,,,,,,
,,,,,,,,,,,
,,,,,,,,,,,
,,,,,,,,,,,
,,,,,,,,,,,
,,,,,,,,,,,
,,,,,,,,,,,
,,,,,,,,,,,
,,,,,,,,,,,
,,,,,,,,,,,
,,,,,,,,,,,
,,,,,,,,,,,
,,,,,,,,,,,
,,,,,,,,,,,
,,,,,,,,,,,
,,,,,,,,,,,
,,,,,,,,,,,
,,,,,,,,,,,
,,,,,,,,,,,
,,,,,,,,,,,
,,,,,,,,,,,
,,,,,,,,,,,
,,,,,,,,,,,
,,,,,,,,,,,
,,,,,,,,,,,
,,,,,,,,,,,
,,,,,,,,,,,
,,,,,,,,,,,
,,,,,,,,,,,
,,,,,,,,,,,
,,,,,,,,,,,
,,,,,,,,,,,
,,,,,,,,,,,
,,,,,,,,,,,
,,,,,,,,,,,
,,,,,,,,,,,
,,,,,,,,,,,
,,,,,,,,,,,
,,,,,,,,,,,
,,,,,,,,,,,
,,,,,,,,,,,
,,,,,,,,,,,
,,,,,,,,,,,
,,,,,,,,,,,
,,,,,,,,,,,
,,,,,,,,,,,
,,,,,,,,,,,
,,,,,,,,,,,
,,,,,,,,,,,
,,,,,,,,,,,
,,,,,,,,,,,
,,,,,,,,,,,
,,,,,,,,,,,
,,,,,,,,,,,
,,,,,,,,,,,
,,,,,,,,,,,
,,,,,,,,,,,
,,,,,,,,,,,
,,,,,,,,,,,
,,,,,,,,,,,
,,,,,,,,,,,
,,,,,,,,,,,
,,,,,,,,,,,
,,,,,,,,,,,
,,,,,,,,,,,
,,,,,,,,,,,
,,,,,,,,,,,
,,,,,,,,,,,
,,,,,,,,,,,
,,,,,,,,,,,
,,,,,,,,,,,
,,,,,,,,,,,
,,,,,,,,,,,
,,,,,,,,,,,
,,,,,,,,,,,
,,,,,,,,,,,
,,,,,,,,,,,
,,,,,,,,,,,
,,,,,,,,,,,
,,,,,,,,,,,
,,,,,,,,,,,
,,,,,,,,,,,
,,,,,,,,,,,
,,,,,,,,,,,
,,,,,,,,,,,
,,,,,,,,,,,
,,,,,,,,,,,
,,,,,,,,,,,
,,,,,,,,,,,
,,,,,,,,,,,
,,,,,,,,,,,
,,,,,,,,,,,
,,,,,,,,,,,
,,,,,,,,,,,
,,,,,,,,,,,
,,,,,,,,,,,
,,,,,,,,,,,
,,,,,,,,,,,
,,,,,,,,,,,
,,,,,,,,,,,
,,,,,,,,,,,
,,,,,,,,,,,
,,,,,,,,,,,
,,,,,,,,,,,
,,,,,,,,,,,
,,,,,,,,,,,
,,,,,,,,,,,
,,,,,,,,,,,
,,,,,,,,,,,
,,,,,,,,,,,
,,,,,,,,,,,
,,,,,,,,,,,
,,,,,,,,,,,
,,,,,,,,,,,
,,,,,,,,,,,
,,,,,,,,,,,
,,,,,,,,,,,
,,,,,,,,,,,
,,,,,,,,,,,
,,,,,,,,,,,
,,,,,,,,,,,
,,,,,,,,,,,
,,,,,,,,,,,
,,,,,,,,,,,
,,,,,,,,,,,
,,,,,,,,,,,
,,,,,,,,,,,
,,,,,,,,,,,
,,,,,,,,,,,
,,,,,,,,,,,
,,,,,,,,,,,
,,,,,,,,,,,
,,,,,,,,,,,
,,,,,,,,,,,
,,,,,,,,,,,
,,,,,,,,,,,
,,,,,,,,,,,
,,,,,,,,,,,
,,,,,,,,,,,
,,,,,,,,,,,
,,,,,,,,,,,
,,,,,,,,,,,
,,,,,,,,,,,
,,,,,,,,,,,
,,,,,,,,,,,
,,,,,,,,,,,
,,,,,,,,,,,
,,,,,,,,,,,
,,,,,,,,,,,
,,,,,,,,,,,
,,,,,,,,,,,
,,,,,,,,,,,
,,,,,,,,,,,
,,,,,,,,,,,
,,,,,,,,,,,
,,,,,,,,,,,
,,,,,,,,,,,
,,,,,,,,,,,
,,,,,,,,,,,
,,,,,,,,,,,
,,,,,,,,,,,
,,,,,,,,,,,
,,,,,,,,,,,
,,,,,,,,,,,
,,,,,,,,,,,
,,,,,,,,,,,
,,,,,,,,,,,
,,,,,,,,,,,
,,,,,,,,,,,
,,,,,,,,,,,
,,,,,,,,,,,
,,,,,,,,,,,
,,,,,,,,,,,
,,,,,,,,,,,
,,,,,,,,,,,
,,,,,,,,,,,
,,,,,,,,,,,
,,,,,,,,,,,
,,,,,,,,,,,
,,,,,,,,,,,
,,,,,,,,,,,
,,,,,,,,,,,
,,,,,,,,,,,
,,,,,,,,,,,
,,,,,,,,,,,
,,,,,,,,,,,
,,,,,,,,,,,
,,,,,,,,,,,
,,,,,,,,,,,
,,,,,,,,,,,
,,,,,,,,,,,
,,,,,,,,,,,
,,,,,,,,,,,
,,,,,,,,,,,
,,,,,,,,,,,
,,,,,,,,,,,
,,,,,,,,,,,
,,,,,,,,,,,
,,,,,,,,,,,
,,,,,,,,,,,
,,,,,,,,,,,
,,,,,,,,,,,
,,,,,,,,,,,
,,,,,,,,,,,
,,,,,,,,,,,
,,,,,,,,,,,
,,,,,,,,,,,
,,,,,,,,,,,
,,,,,,,,,,,
,,,,,,,,,,,
,,,,,,,,,,,
,,,,,,,,,,,
,,,,,,,,,,,
,,,,,,,,,,,
,,,,,,,,,,,
,,,,,,,,,,,
,,,,,,,,,,,
,,,,,,,,,,,
,,,,,,,,,,,
,,,,,,,,,,,
,,,,,,,,,,,
,,,,,,,,,,,
,,,,,,,,,,,
,,,,,,,,,,,
,,,,,,,,,,,
,,,,,,,,,,,
,,,,,,,,,,,
,,,,,,,,,,,
,,,,,,,,,,,
,,,,,,,,,,,
,,,,,,,,,,,
,,,,,,,,,,,
,,,,,,,,,,,
,,,,,,,,,,,
,,,,,,,,,,,
,,,,,,,,,,,
,,,,,,,,,,,
,,,,,,,,,,,
,,,,,,,,,,,
,,,,,,,,,,,
,,,,,,,,,,,
,,,,,,,,,,,
,,,,,,,,,,,
,,,,,,,,,,,
,,,,,,,,,,,
,,,,,,,,,,,
,,,,,,,,,,,
,,,,,,,,,,,
,,,,,,,,,,,
,,,,,,,,,,,
,,,,,,,,,,,
,,,,,,,,,,,
,,,,,,,,,,,
,,,,,,,,,,,
,,,,,,,,,,,
,,,,,,,,,,,
,,,,,,,,,,,
,,,,,,,,,,,
,,,,,,,,,,,
,,,,,,,,,,,
,,,,,,,,,,,
,,,,,,,,,,,
,,,,,,,,,,,
,,,,,,,,,,,
,,,,,,,,,,,
,,,,,,,,,,,
,,,,,,,,,,,
,,,,,,,,,,,
,,,,,,,,,,,
,,,,,,,,,,,
,,,,,,,,,,,
,,,,,,,,,,,
,,,,,,,,,,,
,,,,,,,,,,,
,,,,,,,,,,,
,,,,,,,,,,,
,,,,,,,,,,,
,,,,,,,,,,,
,,,,,,,,,,,
,,,,,,,,,,,
,,,,,,,,,,,
,,,,,,,,,,,
,,,,,,,,,,,
,,,,,,,,,,,
,,,,,,,,,,,
,,,,,,,,,,,
,,,,,,,,,,,
,,,,,,,,,,,
,,,,,,,,,,,
,,,,,,,,,,,
,,,,,,,,,,,
,,,,,,,,,,,
,,,,,,,,,,,
,,,,,,,,,,,
,,,,,,,,,,,
,,,,,,,,,,,
,,,,,,,,,,,
,,,,,,,,,,,
,,,,,,,,,,,
,,,,,,,,,,,
,,,,,,,,,,,
,,,,,,,,,,,
,,,,,,,,,,,
,,,,,,,,,,,
,,,,,,,,,,,
,,,,,,,,,,,
,,,,,,,,,,,
,,,,,,,,,,,
,,,,,,,,,,,
,,,,,,,,,,,
,,,,,,,,,,,
,,,,,,,,,,,
,,,,,,,,,,,
,,,,,,,,,,,
,,,,,,,,,,,
,,,,,,,,,,,
,,,,,,,,,,,
,,,,,,,,,,,
,,,,,,,,,,,
,,,,,,,,,,,
,,,,,,,,,,,
,,,,,,,,,,,
,,,,,,,,,,,
,,,,,,,,,,,
,,,,,,,,,,,
,,,,,,,,,,,
,,,,,,,,,,,
,,,,,,,,,,,
,,,,,,,,,,,
,,,,,,,,,,,
,,,,,,,,,,,
,,,,,,,,,,,
,,,,,,,,,,,
,,,,,,,,,,,
,,,,,,,,,,,
,,,,,,,,,,,
,,,,,,,,,,,
,,,,,,,,,,,
,,,,,,,,,,,
,,,,,,,,,,,
,,,,,,,,,,,
,,,,,,,,,,,
,,,,,,,,,,,
,,,,,,,,,,,
,,,,,,,,,,,
,,,,,,,,,,,
,,,,,,,,,,,
,,,,,,,,,,,
,,,,,,,,,,,
,,,,,,,,,,,
,,,,,,,,,,,
,,,,,,,,,,,
,,,,,,,,,,,
,,,,,,,,,,,
,,,,,,,,,,,
,,,,,,,,,,,
,,,,,,,,,,,
,,,,,,,,,,,
,,,,,,,,,,,
,,,,,,,,,,,
,,,,,,,,,,,
,,,,,,,,,,,
,,,,,,,,,,,
,,,,,,,,,,,
,,,,,,,,,,,
,,,,,,,,,,,
,,,,,,,,,,,
,,,,,,,,,,,
,,,,,,,,,,,
,,,,,,,,,,,
,,,,,,,,,,,
,,,,,,,,,,,
,,,,,,,,,,,
,,,,,,,,,,,
,,,,,,,,,,,
,,,,,,,,,,,
,,,,,,,,,,,
,,,,,,,,,,,
,,,,,,,,,,,
,,,,,,,,,,,
,,,,,,,,,,,
,,,,,,,,,,,
,,,,,,,,,,,
,,,,,,,,,,,
,,,,,,,,,,,
,,,,,,,,,,,
,,,,,,,,,,,
,,,,,,,,,,,
,,,,,,,,,,,
,,,,,,,,,,,
,,,,,,,,,,,
,,,,,,,,,,,
,,,,,,,,,,,
,,,,,,,,,,,
,,,,,,,,,,,
,,,,,,,,,,,
,,,,,,,,,,,
,,,,,,,,,,,
,,,,,,,,,,,
,,,,,,,,,,,
,,,,,,,,,,,
,,,,,,,,,,,
,,,,,,,,,,,
,,,,,,,,,,,
,,,,,,,,,,,
,,,,,,,,,,,
,,,,,,,,,,,
,,,,,,,,,,,
,,,,,,,,,,,
,,,,,,,,,,,
,,,,,,,,,,,
,,,,,,,,,,,
,,,,,,,,,,,
,,,,,,,,,,,
,,,,,,,,,,,
,,,,,,,,,,,
,,,,,,,,,,,
,,,,,,,,,,,
,,,,,,,,,,,
,,,,,,,,,,,
,,,,,,,,,,,
,,,,,,,,,,,
,,,,,,,,,,,
,,,,,,,,,,,
,,,,,,,,,,,
,,,,,,,,,,,
,,,,,,,,,,,
,,,,,,,,,,,
,,,,,,,,,,,
,,,,,,,,,,,
,,,,,,,,,,,
,,,,,,,,,,,
,,,,,,,,,,,
,,,,,,,,,,,
,,,,,,,,,,,
,,,,,,,,,,,
,,,,,,,,,,,
,,,,,,,,,,,
,,,,,,,,,,,
,,,,,,,,,,,
,,,,,,,,,,,
,,,,,,,,,,,
,,,,,,,,,,,
,,,,,,,,,,,
,,,,,,,,,,,
,,,,,,,,,,,
,,,,,,,,,,,
,,,,,,,,,,,
,,,,,,,,,,,
,,,,,,,,,,,
,,,,,,,,,,,
,,,,,,,,,,,
,,,,,,,,,,,
,,,,,,,,,,,
,,,,,,,,,,,
,,,,,,,,,,,
,,,,,,,,,,,
,,,,,,,,,,,
,,,,,,,,,,,
,,,,,,,,,,,
,,,,,,,,,,,
,,,,,,,,,,,
,,,,,,,,,,,
,,,,,,,,,,,
,,,,,,,,,,,
,,,,,,,,,,,
,,,,,,,,,,,
,,,,,,,,,,,
,,,,,,,,,,,
,,,,,,,,,,,
,,,,,,,,,,,
,,,,,,,,,,,
,,,,,,,,,,,
,,,,,,,,,,,
,,,,,,,,,,,
,,,,,,,,,,,
,,,,,,,,,,,
,,,,,,,,,,,
,,,,,,,,,,,
,,,,,,,,,,,
,,,,,,,,,,,
,,,,,,,,,,,
,,,,,,,,,,,
,,,,,,,,,,,
,,,,,,,,,,,
,,,,,,,,,,,
,,,,,,,,,,,
,,,,,,,,,,,
,,,,,,,,,,,
,,,,,,,,,,,
,,,,,,,,,,,
,,,,,,,,,,,
,,,,,,,,,,,
,,,,,,,,,,,
,,,,,,,,,,,
,,,,,,,,,,,
,,,,,,,,,,,
,,,,,,,,,,,
,,,,,,,,,,,
,,,,,,,,,,,
,,,,,,,,,,,
,,,,,,,,,,,
,,,,,,,,,,,
,,,,,,,,,,,
,,,,,,,,,,,
,,,,,,,,,,,
,,,,,,,,,,,
,,,,,,,,,,,
,,,,,,,,,,,
,,,,,,,,,,,
,,,,,,,,,,,
,,,,,,,,,,,
,,,,,,,,,,,
,,,,,,,,,,,
,,,,,,,,,,,
,,,,,,,,,,,
,,,,,,,,,,,
,,,,,,,,,,,
,,,,,,,,,,,
,,,,,,,,,,,
,,,,,,,,,,,
,,,,,,,,,,,
,,,,,,,,,,,
,,,,,,,,,,,
,,,,,,,,,,,
,,,,,,,,,,,
,,,,,,,,,,,
,,,,,,,,,,,
,,,,,,,,,,,
,,,,,,,,,,,
,,,,,,,,,,,
,,,,,,,,,,,
,,,,,,,,,,,
,,,,,,,,,,,
,,,,,,,,,,,
,,,,,,,,,,,
,,,,,,,,,,,
,,,,,,,,,,,
,,,,,,,,,,,
,,,,,,,,,,,
,,,,,,,,,,,
,,,,,,,,,,,
,,,,,,,,,,,
,,,,,,,,,,,
,,,,,,,,,,,
,,,,,,,,,,,
,,,,,,,,,,,
,,,,,,,,,,,
,,,,,,,,,,,
,,,,,,,,,,,
,,,,,,,,,,,
,,,,,,,,,,,
,,,,,,,,,,,
,,,,,,,,,,,
,,,,,,,,,,,
,,,,,,,,,,,
,,,,,,,,,,,
,,,,,,,,,,,
,,,,,,,,,,,
,,,,,,,,,,,
,,,,,,,,,,,
,,,,,,,,,,,
,,,,,,,,,,,
,,,,,,,,,,,
,,,,,,,,,,,
,,,,,,,,,,,
,,,,,,,,,,,
,,,,,,,,,,,
,,,,,,,,,,,
,,,,,,,,,,,
,,,,,,,,,,,
,,,,,,,,,,,
,,,,,,,,,,,
,,,,,,,,,,,
,,,,,,,,,,,
,,,,,,,,,,,
,,,,,,,,,,,
,,,,,,,,,,,
,,,,,,,,,,,
,,,,,,,,,,,
,,,,,,,,,,,
,,,,,,,,,,,
,,,,,,,,,,,
,,,,,,,,,,,
,,,,,,,,,,,
,,,,,,,,,,,
,,,,,,,,,,,
,,,,,,,,,,,
,,,,,,,,,,,
,,,,,,,,,,,
,,,,,,,,,,,
,,,,,,,,,,,
,,,,,,,,,,,
,,,,,,,,,,,
,,,,,,,,,,,
,,,,,,,,,,,
,,,,,,,,,,,
,,,,,,,,,,,
,,,,,,,,,,,
,,,,,,,,,,,
,,,,,,,,,,,
,,,,,,,,,,,
,,,,,,,,,,,
,,,,,,,,,,,
,,,,,,,,,,,
,,,,,,,,,,,
,,,,,,,,,,,
,,,,,,,,,,,
,,,,,,,,,,,
,,,,,,,,,,,
,,,,,,,,,,,
,,,,,,,,,,,
,,,,,,,,,,,
,,,,,,,,,,,
,,,,,,,,,,,
,,,,,,,,,,,
,,,,,,,,,,,
,,,,,,,,,,,
,,,,,,,,,,,
,,,,,,,,,,,
,,,,,,,,,,,
,,,,,,,,,,,
,,,,,,,,,,,
,,,,,,,,,,,
,,,,,,,,,,,
,,,,,,,,,,,
,,,,,,,,,,,
,,,,,,,,,,,
,,,,,,,,,,,
,,,,,,,,,,,
,,,,,,,,,,,
,,,,,,,,,,,
,,,,,,,,,,,
,,,,,,,,,,,
,,,,,,,,,,,
